-- MySQL dump 10.13  Distrib 8.0.42, for Win64 (x86_64)
--
-- Host: localhost    Database: wealthapp
-- ------------------------------------------------------
-- Server version	8.0.42

/*!40101 SET @OLD_CHARACTER_SET_CLIENT=@@CHARACTER_SET_CLIENT */;
/*!40101 SET @OLD_CHARACTER_SET_RESULTS=@@CHARACTER_SET_RESULTS */;
/*!40101 SET @OLD_COLLATION_CONNECTION=@@COLLATION_CONNECTION */;
/*!50503 SET NAMES utf8mb4 */;
/*!40103 SET @OLD_TIME_ZONE=@@TIME_ZONE */;
/*!40103 SET TIME_ZONE='+00:00' */;
/*!40014 SET @OLD_UNIQUE_CHECKS=@@UNIQUE_CHECKS, UNIQUE_CHECKS=0 */;
/*!40014 SET @OLD_FOREIGN_KEY_CHECKS=@@FOREIGN_KEY_CHECKS, FOREIGN_KEY_CHECKS=0 */;
/*!40101 SET @OLD_SQL_MODE=@@SQL_MODE, SQL_MODE='NO_AUTO_VALUE_ON_ZERO' */;
/*!40111 SET @OLD_SQL_NOTES=@@SQL_NOTES, SQL_NOTES=0 */;

--
-- Table structure for table `assets`
--

DROP TABLE IF EXISTS `assets`;
/*!40101 SET @saved_cs_client     = @@character_set_client */;
/*!50503 SET character_set_client = utf8mb4 */;
CREATE TABLE `assets` (
  `id` int NOT NULL AUTO_INCREMENT,
  `Category` varchar(255) NOT NULL,
  `Worth` int DEFAULT NULL,
  `Sold` tinyint(1) DEFAULT NULL,
  `owner_id` int DEFAULT NULL,
  PRIMARY KEY (`id`),
  KEY `owner_id` (`owner_id`),
  CONSTRAINT `owner_id` FOREIGN KEY (`owner_id`) REFERENCES `users` (`id`)
) ENGINE=InnoDB AUTO_INCREMENT=2 DEFAULT CHARSET=utf8mb4 COLLATE=utf8mb4_0900_ai_ci;
/*!40101 SET character_set_client = @saved_cs_client */;

--
-- Dumping data for table `assets`
--

LOCK TABLES `assets` WRITE;
/*!40000 ALTER TABLE `assets` DISABLE KEYS */;
INSERT INTO `assets` VALUES (1,'Stock',100,0,1);
/*!40000 ALTER TABLE `assets` ENABLE KEYS */;
UNLOCK TABLES;

--
-- Table structure for table `goals`
--

DROP TABLE IF EXISTS `goals`;
/*!40101 SET @saved_cs_client     = @@character_set_client */;
/*!50503 SET character_set_client = utf8mb4 */;
CREATE TABLE `goals` (
  `id` int NOT NULL AUTO_INCREMENT,
  `Category` varchar(255) NOT NULL,
  `Worth` int DEFAULT NULL,
  `owner_id` int DEFAULT NULL,
  PRIMARY KEY (`id`),
  KEY `FK_owner_id` (`owner_id`),
  CONSTRAINT `goals_ibfk_1` FOREIGN KEY (`owner_id`) REFERENCES `users` (`id`)
) ENGINE=InnoDB AUTO_INCREMENT=1024 DEFAULT CHARSET=utf8mb4 COLLATE=utf8mb4_0900_ai_ci;
/*!40101 SET character_set_client = @saved_cs_client */;

--
-- Dumping data for table `goals`
--

LOCK TABLES `goals` WRITE;
/*!40000 ALTER TABLE `goals` DISABLE KEYS */;
INSERT INTO `goals` VALUES (1,'Emergency Fund',26597,162),(2,'Buy House',28222,194),(3,'Buy House',39636,140),(4,'Buy House',8885,931),(5,'Buy House',40651,702),(6,'Buy House',12236,14),(7,'Retirement',31327,133),(8,'Emergency Fund',25852,237),(9,'Retirement',22307,338),(10,'Retirement',36620,616),(11,'Emergency Fund',27329,98),(12,'Emergency Fund',47568,211),(13,'Buy House',17632,174),(14,'Emergency Fund',26226,196),(15,'Retirement',22030,987),(16,'Retirement',4297,604),(17,'Emergency Fund',48989,626),(18,'Buy House',3100,748),(19,'Retirement',25322,884),(20,'Emergency Fund',42123,517),(21,'Buy House',36182,455),(22,'Buy House',7289,424),(23,'Emergency Fund',6230,587),(24,'Retirement',1630,488),(25,'Retirement',12251,200),(26,'Buy House',36046,813),(27,'Emergency Fund',2976,600),(28,'Emergency Fund',14816,25),(29,'Buy House',4986,795),(30,'Emergency Fund',48886,873),(31,'Retirement',26266,342),(32,'Buy House',31353,745),(33,'Emergency Fund',49093,380),(34,'Emergency Fund',30960,242),(35,'Retirement',1316,82),(36,'Buy House',19408,963),(37,'Retirement',17107,774),(38,'Emergency Fund',44576,930),(39,'Emergency Fund',4210,497),(40,'Buy House',33264,634),(41,'Buy House',47457,237),(42,'Retirement',48496,842),(43,'Buy House',48330,939),(44,'Emergency Fund',7032,331),(45,'Buy House',7680,82),(46,'Emergency Fund',24591,618),(47,'Retirement',9916,162),(48,'Buy House',29323,290),(49,'Emergency Fund',28129,756),(50,'Buy House',8613,599),(51,'Retirement',29600,527),(52,'Emergency Fund',35440,971),(53,'Emergency Fund',36058,427),(54,'Emergency Fund',27772,878),(55,'Emergency Fund',48259,669),(56,'Retirement',10916,759),(57,'Buy House',20293,622),(58,'Emergency Fund',28750,213),(59,'Retirement',2151,208),(60,'Emergency Fund',45810,859),(61,'Retirement',6785,53),(62,'Emergency Fund',5955,30),(63,'Emergency Fund',43198,949),(64,'Buy House',45083,61),(65,'Retirement',40303,238),(66,'Emergency Fund',7070,395),(67,'Retirement',27442,106),(68,'Emergency Fund',4495,806),(69,'Emergency Fund',18684,595),(70,'Emergency Fund',23406,791),(71,'Retirement',18017,164),(72,'Emergency Fund',9408,734),(73,'Buy House',16226,307),(74,'Retirement',44077,727),(75,'Emergency Fund',38082,844),(76,'Emergency Fund',6540,858),(77,'Emergency Fund',44978,815),(78,'Retirement',21730,46),(79,'Emergency Fund',24009,632),(80,'Emergency Fund',34037,260),(81,'Buy House',24720,709),(82,'Buy House',8602,682),(83,'Emergency Fund',20789,403),(84,'Emergency Fund',30912,796),(85,'Buy House',11669,795),(86,'Buy House',48937,77),(87,'Retirement',49914,656),(88,'Buy House',21859,345),(89,'Retirement',1082,876),(90,'Buy House',46392,708),(91,'Emergency Fund',32171,958),(92,'Emergency Fund',21108,534),(93,'Retirement',20029,803),(94,'Emergency Fund',32422,809),(95,'Buy House',3000,9),(96,'Emergency Fund',14623,872),(97,'Retirement',38840,451),(98,'Emergency Fund',12410,483),(99,'Retirement',44184,421),(100,'Retirement',49639,612),(101,'Buy House',28186,580),(102,'Buy House',14687,850),(103,'Retirement',13918,297),(104,'Retirement',16923,757),(105,'Emergency Fund',28046,507),(106,'Emergency Fund',36771,124),(107,'Retirement',34477,212),(108,'Emergency Fund',15401,575),(109,'Emergency Fund',1228,274),(110,'Buy House',32404,360),(111,'Emergency Fund',9185,362),(112,'Buy House',9952,225),(113,'Retirement',48178,235),(114,'Buy House',35598,711),(115,'Retirement',47057,463),(116,'Retirement',3413,867),(117,'Buy House',2503,860),(118,'Buy House',8102,366),(119,'Retirement',30638,39),(120,'Retirement',32269,172),(121,'Emergency Fund',4297,670),(122,'Buy House',22515,976),(123,'Retirement',35184,941),(124,'Retirement',6856,911),(125,'Buy House',48519,432),(126,'Buy House',46420,910),(127,'Emergency Fund',3625,83),(128,'Buy House',36705,82),(129,'Buy House',38535,246),(130,'Emergency Fund',41812,438),(131,'Emergency Fund',4505,409),(132,'Emergency Fund',31487,837),(133,'Buy House',47382,865),(134,'Retirement',40427,602),(135,'Retirement',4848,745),(136,'Retirement',46373,341),(137,'Emergency Fund',28985,138),(138,'Emergency Fund',16743,826),(139,'Buy House',6834,316),(140,'Buy House',44679,964),(141,'Buy House',39848,573),(142,'Retirement',31562,748),(143,'Emergency Fund',49114,377),(144,'Emergency Fund',26958,896),(145,'Emergency Fund',30617,483),(146,'Retirement',21500,424),(147,'Emergency Fund',43347,853),(148,'Retirement',37300,749),(149,'Retirement',13636,854),(150,'Retirement',33839,43),(151,'Buy House',38946,352),(152,'Retirement',2058,950),(153,'Retirement',13161,450),(154,'Retirement',47298,353),(155,'Emergency Fund',28514,75),(156,'Retirement',4103,428),(157,'Emergency Fund',8423,173),(158,'Retirement',13080,242),(159,'Retirement',18971,636),(160,'Buy House',14544,336),(161,'Emergency Fund',1345,714),(162,'Retirement',14916,28),(163,'Buy House',7023,968),(164,'Retirement',9102,660),(165,'Emergency Fund',38541,606),(166,'Emergency Fund',37596,620),(167,'Emergency Fund',17085,190),(168,'Emergency Fund',1703,410),(169,'Emergency Fund',24957,660),(170,'Emergency Fund',629,670),(171,'Buy House',26525,730),(172,'Buy House',5045,331),(173,'Retirement',37481,705),(174,'Buy House',12306,416),(175,'Retirement',22499,232),(176,'Emergency Fund',17680,339),(177,'Retirement',6944,803),(178,'Retirement',28155,34),(179,'Retirement',14954,55),(180,'Retirement',36126,481),(181,'Buy House',36385,938),(182,'Retirement',35389,27),(183,'Buy House',48725,840),(184,'Buy House',42534,432),(185,'Retirement',37163,893),(186,'Buy House',24613,759),(187,'Buy House',15666,613),(188,'Buy House',38788,511),(189,'Buy House',30111,331),(190,'Emergency Fund',11579,625),(191,'Retirement',13395,55),(192,'Retirement',8981,493),(193,'Emergency Fund',6860,918),(194,'Buy House',6371,110),(195,'Buy House',24468,957),(196,'Buy House',35444,597),(197,'Emergency Fund',24914,919),(198,'Buy House',36165,330),(199,'Retirement',20520,612),(200,'Emergency Fund',15178,35),(201,'Buy House',10191,235),(202,'Retirement',5490,861),(203,'Emergency Fund',14112,494),(204,'Retirement',30764,220),(205,'Buy House',30076,252),(206,'Retirement',25502,192),(207,'Retirement',28104,529),(208,'Emergency Fund',9799,112),(209,'Emergency Fund',25171,616),(210,'Retirement',49136,217),(211,'Buy House',1280,723),(212,'Retirement',25792,969),(213,'Buy House',28838,994),(214,'Buy House',10706,354),(215,'Buy House',27860,417),(216,'Retirement',39746,749),(217,'Retirement',27520,674),(218,'Emergency Fund',28462,692),(219,'Emergency Fund',33974,145),(220,'Emergency Fund',49439,891),(221,'Retirement',37881,331),(222,'Retirement',45640,421),(223,'Retirement',28419,744),(224,'Buy House',41272,95),(225,'Emergency Fund',34490,466),(226,'Buy House',44906,714),(227,'Emergency Fund',11255,507),(228,'Emergency Fund',37940,228),(229,'Emergency Fund',31349,549),(230,'Emergency Fund',33533,763),(231,'Emergency Fund',36239,216),(232,'Emergency Fund',43754,663),(233,'Emergency Fund',21924,138),(234,'Retirement',22577,140),(235,'Retirement',14259,405),(236,'Buy House',31143,613),(237,'Buy House',6489,69),(238,'Emergency Fund',28265,964),(239,'Buy House',36043,238),(240,'Buy House',20278,958),(241,'Retirement',49143,201),(242,'Buy House',33935,225),(243,'Buy House',37998,540),(244,'Retirement',23649,110),(245,'Buy House',16016,212),(246,'Buy House',42767,983),(247,'Retirement',38955,861),(248,'Emergency Fund',11743,286),(249,'Emergency Fund',37697,604),(250,'Emergency Fund',48735,602),(251,'Buy House',31023,847),(252,'Retirement',16044,488),(253,'Retirement',45940,165),(254,'Buy House',41990,999),(255,'Retirement',18891,465),(256,'Buy House',27569,191),(257,'Buy House',45482,661),(258,'Retirement',44231,704),(259,'Emergency Fund',10500,458),(260,'Retirement',45769,605),(261,'Buy House',28060,982),(262,'Buy House',9095,234),(263,'Retirement',19988,140),(264,'Retirement',3519,859),(265,'Buy House',41849,937),(266,'Buy House',2952,774),(267,'Emergency Fund',6280,561),(268,'Retirement',22707,989),(269,'Retirement',47002,957),(270,'Emergency Fund',47117,825),(271,'Buy House',304,143),(272,'Emergency Fund',2174,135),(273,'Retirement',15707,940),(274,'Emergency Fund',47930,527),(275,'Emergency Fund',10288,758),(276,'Buy House',28932,383),(277,'Buy House',36794,150),(278,'Retirement',12419,625),(279,'Retirement',131,889),(280,'Retirement',25146,214),(281,'Retirement',8190,136),(282,'Buy House',26297,71),(283,'Emergency Fund',32612,944),(284,'Emergency Fund',48987,613),(285,'Buy House',38427,481),(286,'Buy House',1583,876),(287,'Buy House',39089,65),(288,'Emergency Fund',34424,514),(289,'Retirement',48579,351),(290,'Emergency Fund',6852,173),(291,'Retirement',36565,308),(292,'Retirement',40242,988),(293,'Retirement',32147,653),(294,'Buy House',35238,527),(295,'Retirement',1082,547),(296,'Emergency Fund',35170,511),(297,'Retirement',34381,107),(298,'Retirement',923,691),(299,'Retirement',45600,371),(300,'Buy House',23076,965),(301,'Retirement',14913,177),(302,'Emergency Fund',20049,48),(303,'Buy House',1276,28),(304,'Buy House',10772,900),(305,'Emergency Fund',27350,189),(306,'Buy House',47146,810),(307,'Buy House',33236,668),(308,'Retirement',35975,564),(309,'Retirement',30641,82),(310,'Retirement',30012,295),(311,'Emergency Fund',23710,357),(312,'Retirement',36478,569),(313,'Retirement',28139,854),(314,'Retirement',16262,896),(315,'Retirement',41238,617),(316,'Retirement',9971,168),(317,'Buy House',34320,720),(318,'Retirement',26386,28),(319,'Retirement',34237,764),(320,'Emergency Fund',26593,366),(321,'Buy House',3054,612),(322,'Emergency Fund',26356,20),(323,'Retirement',26038,57),(324,'Emergency Fund',21486,990),(325,'Retirement',15838,614),(326,'Buy House',36940,348),(327,'Retirement',27641,208),(328,'Retirement',13921,252),(329,'Retirement',17397,480),(330,'Retirement',15955,542),(331,'Emergency Fund',6707,415),(332,'Emergency Fund',5773,562),(333,'Retirement',30751,696),(334,'Retirement',4233,520),(335,'Retirement',8428,806),(336,'Retirement',9997,430),(337,'Retirement',22233,584),(338,'Retirement',8782,122),(339,'Buy House',2285,982),(340,'Emergency Fund',45685,254),(341,'Retirement',43110,739),(342,'Buy House',15343,222),(343,'Buy House',13509,791),(344,'Buy House',16472,228),(345,'Buy House',3055,860),(346,'Buy House',49683,625),(347,'Buy House',42148,785),(348,'Retirement',30470,870),(349,'Retirement',49634,403),(350,'Buy House',48067,706),(351,'Retirement',5226,590),(352,'Retirement',20275,123),(353,'Retirement',30916,900),(354,'Retirement',25919,662),(355,'Emergency Fund',38820,626),(356,'Emergency Fund',5773,183),(357,'Retirement',13705,679),(358,'Retirement',40542,347),(359,'Buy House',23389,434),(360,'Emergency Fund',26512,352),(361,'Buy House',39491,442),(362,'Emergency Fund',43506,834),(363,'Retirement',14221,752),(364,'Emergency Fund',13042,596),(365,'Buy House',9445,360),(366,'Buy House',3487,661),(367,'Buy House',23948,120),(368,'Buy House',21718,697),(369,'Buy House',40865,542),(370,'Buy House',32812,513),(371,'Retirement',21668,385),(372,'Retirement',47501,889),(373,'Retirement',15069,727),(374,'Emergency Fund',23019,119),(375,'Buy House',34657,838),(376,'Buy House',1095,790),(377,'Emergency Fund',1893,546),(378,'Retirement',21911,346),(379,'Retirement',1782,935),(380,'Retirement',1028,409),(381,'Emergency Fund',34163,471),(382,'Buy House',5341,623),(383,'Emergency Fund',4922,113),(384,'Buy House',49596,163),(385,'Emergency Fund',34840,974),(386,'Emergency Fund',48154,486),(387,'Retirement',11634,551),(388,'Buy House',30597,903),(389,'Emergency Fund',33654,338),(390,'Emergency Fund',16229,622),(391,'Buy House',39697,576),(392,'Retirement',37599,273),(393,'Buy House',36116,288),(394,'Buy House',24172,611),(395,'Retirement',8672,65),(396,'Emergency Fund',41149,705),(397,'Buy House',7785,617),(398,'Retirement',11832,331),(399,'Emergency Fund',36403,809),(400,'Emergency Fund',42773,710),(401,'Emergency Fund',38995,955),(402,'Retirement',14756,181),(403,'Buy House',27620,706),(404,'Emergency Fund',11219,519),(405,'Emergency Fund',1844,430),(406,'Buy House',44655,357),(407,'Buy House',22652,952),(408,'Retirement',6474,458),(409,'Emergency Fund',6378,938),(410,'Buy House',35464,634),(411,'Buy House',14926,374),(412,'Emergency Fund',36604,750),(413,'Retirement',25303,878),(414,'Emergency Fund',35953,985),(415,'Emergency Fund',43109,23),(416,'Retirement',28016,226),(417,'Retirement',27338,401),(418,'Retirement',30607,973),(419,'Buy House',10501,974),(420,'Buy House',13698,653),(421,'Retirement',12369,914),(422,'Emergency Fund',19723,491),(423,'Buy House',43930,583),(424,'Buy House',31918,361),(425,'Emergency Fund',17367,81),(426,'Retirement',27563,682),(427,'Emergency Fund',36132,354),(428,'Retirement',46401,848),(429,'Retirement',36535,290),(430,'Buy House',20003,240),(431,'Emergency Fund',13828,386),(432,'Buy House',16192,332),(433,'Emergency Fund',22054,144),(434,'Retirement',27114,528),(435,'Buy House',23692,336),(436,'Buy House',13296,567),(437,'Buy House',24055,297),(438,'Buy House',15416,423),(439,'Buy House',33831,817),(440,'Buy House',40254,874),(441,'Emergency Fund',6883,834),(442,'Emergency Fund',13797,114),(443,'Emergency Fund',17978,578),(444,'Emergency Fund',15700,142),(445,'Emergency Fund',20644,762),(446,'Retirement',27655,64),(447,'Retirement',5029,529),(448,'Retirement',5646,547),(449,'Retirement',15936,420),(450,'Buy House',22432,819),(451,'Emergency Fund',14344,189),(452,'Buy House',41909,950),(453,'Buy House',15466,853),(454,'Retirement',5744,571),(455,'Retirement',41929,663),(456,'Emergency Fund',49306,548),(457,'Emergency Fund',12445,911),(458,'Emergency Fund',14326,23),(459,'Buy House',10068,246),(460,'Retirement',18674,3),(461,'Emergency Fund',22134,545),(462,'Retirement',16516,475),(463,'Retirement',23674,231),(464,'Emergency Fund',48046,614),(465,'Buy House',4529,894),(466,'Buy House',15090,920),(467,'Emergency Fund',34966,423),(468,'Buy House',39860,948),(469,'Retirement',44726,430),(470,'Retirement',1905,794),(471,'Emergency Fund',44790,913),(472,'Emergency Fund',31818,558),(473,'Emergency Fund',36111,975),(474,'Emergency Fund',29854,874),(475,'Retirement',13354,603),(476,'Buy House',12301,599),(477,'Buy House',23506,592),(478,'Retirement',48376,192),(479,'Buy House',35450,375),(480,'Emergency Fund',29882,757),(481,'Emergency Fund',33431,382),(482,'Emergency Fund',17690,71),(483,'Buy House',12620,383),(484,'Buy House',31972,725),(485,'Emergency Fund',17074,599),(486,'Emergency Fund',2715,361),(487,'Retirement',6197,696),(488,'Buy House',22526,930),(489,'Buy House',34743,585),(490,'Emergency Fund',21268,621),(491,'Emergency Fund',13418,865),(492,'Retirement',49238,378),(493,'Emergency Fund',26793,879),(494,'Emergency Fund',14056,57),(495,'Retirement',1050,792),(496,'Emergency Fund',4507,773),(497,'Retirement',32230,446),(498,'Buy House',6755,793),(499,'Retirement',20205,352),(500,'Retirement',34010,760),(501,'Emergency Fund',25263,257),(502,'Emergency Fund',2844,990),(503,'Emergency Fund',45449,219),(504,'Retirement',9132,810),(505,'Retirement',3486,850),(506,'Buy House',32315,115),(507,'Retirement',41094,211),(508,'Retirement',15049,746),(509,'Emergency Fund',44442,969),(510,'Buy House',49049,373),(511,'Emergency Fund',23985,641),(512,'Emergency Fund',44514,165),(513,'Buy House',13530,895),(514,'Retirement',30556,80),(515,'Retirement',29206,227),(516,'Retirement',11468,1),(517,'Buy House',28905,943),(518,'Emergency Fund',2761,348),(519,'Retirement',40481,338),(520,'Buy House',13924,619),(521,'Buy House',20977,334),(522,'Retirement',2222,996),(523,'Emergency Fund',11428,615),(524,'Retirement',4284,272),(525,'Buy House',34220,123),(526,'Retirement',21922,508),(527,'Buy House',29879,316),(528,'Emergency Fund',48416,494),(529,'Retirement',16589,972),(530,'Emergency Fund',19905,403),(531,'Emergency Fund',44513,993),(532,'Buy House',23626,494),(533,'Buy House',38297,683),(534,'Buy House',25871,249),(535,'Emergency Fund',35659,491),(536,'Buy House',4215,489),(537,'Buy House',24428,870),(538,'Emergency Fund',40439,393),(539,'Retirement',25587,945),(540,'Buy House',5097,949),(541,'Retirement',16987,388),(542,'Emergency Fund',21354,382),(543,'Retirement',49737,90),(544,'Retirement',2421,852),(545,'Buy House',841,741),(546,'Retirement',1894,234),(547,'Buy House',28811,715),(548,'Emergency Fund',3807,849),(549,'Buy House',26681,620),(550,'Retirement',31701,674),(551,'Retirement',15733,172),(552,'Emergency Fund',2747,533),(553,'Retirement',44974,999),(554,'Buy House',23763,494),(555,'Buy House',36751,546),(556,'Retirement',48540,291),(557,'Retirement',40919,479),(558,'Emergency Fund',12963,479),(559,'Retirement',32285,380),(560,'Emergency Fund',32833,407),(561,'Buy House',4975,306),(562,'Buy House',11534,465),(563,'Retirement',38408,944),(564,'Retirement',11223,891),(565,'Emergency Fund',10831,751),(566,'Buy House',13491,36),(567,'Retirement',36860,580),(568,'Emergency Fund',34535,397),(569,'Emergency Fund',17617,38),(570,'Buy House',26910,301),(571,'Emergency Fund',27177,51),(572,'Retirement',47610,900),(573,'Retirement',25074,588),(574,'Retirement',20434,741),(575,'Retirement',7776,352),(576,'Buy House',20368,160),(577,'Retirement',19534,233),(578,'Emergency Fund',12822,310),(579,'Emergency Fund',48377,500),(580,'Retirement',24002,613),(581,'Retirement',13989,529),(582,'Emergency Fund',21103,707),(583,'Buy House',10600,262),(584,'Emergency Fund',28202,812),(585,'Retirement',20011,900),(586,'Buy House',39437,52),(587,'Emergency Fund',14703,802),(588,'Buy House',11471,767),(589,'Buy House',20754,648),(590,'Emergency Fund',631,91),(591,'Retirement',40146,770),(592,'Retirement',44658,145),(593,'Buy House',38701,747),(594,'Retirement',40357,809),(595,'Retirement',33626,505),(596,'Retirement',509,537),(597,'Retirement',32821,323),(598,'Retirement',11954,273),(599,'Retirement',20201,88),(600,'Buy House',43356,658),(601,'Emergency Fund',23077,248),(602,'Emergency Fund',25561,5),(603,'Retirement',21850,715),(604,'Buy House',7872,8),(605,'Retirement',39834,293),(606,'Buy House',24200,204),(607,'Retirement',10520,361),(608,'Buy House',38241,318),(609,'Buy House',25254,652),(610,'Emergency Fund',37819,556),(611,'Retirement',43678,844),(612,'Retirement',23156,519),(613,'Buy House',23185,707),(614,'Buy House',29581,532),(615,'Emergency Fund',40495,408),(616,'Retirement',40951,270),(617,'Emergency Fund',32726,594),(618,'Buy House',12461,228),(619,'Retirement',13265,159),(620,'Emergency Fund',24824,501),(621,'Buy House',27752,743),(622,'Buy House',49972,862),(623,'Buy House',48496,917),(624,'Emergency Fund',30437,30),(625,'Buy House',25569,598),(626,'Retirement',23751,15),(627,'Retirement',9723,30),(628,'Retirement',36602,968),(629,'Retirement',15670,637),(630,'Buy House',15342,805),(631,'Buy House',4299,132),(632,'Retirement',29754,783),(633,'Buy House',14255,47),(634,'Retirement',37083,581),(635,'Emergency Fund',31786,154),(636,'Emergency Fund',41679,593),(637,'Retirement',26157,236),(638,'Retirement',17220,891),(639,'Retirement',21402,881),(640,'Buy House',47271,376),(641,'Buy House',3825,261),(642,'Buy House',29677,742),(643,'Emergency Fund',20941,308),(644,'Buy House',24057,564),(645,'Retirement',9133,790),(646,'Retirement',31160,922),(647,'Emergency Fund',46248,412),(648,'Buy House',8552,13),(649,'Retirement',35483,901),(650,'Retirement',7789,666),(651,'Emergency Fund',15100,932),(652,'Emergency Fund',47713,523),(653,'Emergency Fund',9330,681),(654,'Emergency Fund',8164,295),(655,'Emergency Fund',1239,180),(656,'Emergency Fund',28695,403),(657,'Buy House',12205,350),(658,'Buy House',1628,114),(659,'Retirement',765,663),(660,'Buy House',17269,928),(661,'Retirement',10875,289),(662,'Emergency Fund',3750,12),(663,'Emergency Fund',6388,142),(664,'Buy House',9838,12),(665,'Retirement',14552,61),(666,'Retirement',48604,568),(667,'Emergency Fund',45447,778),(668,'Buy House',23448,865),(669,'Emergency Fund',48768,137),(670,'Emergency Fund',18372,572),(671,'Emergency Fund',3074,42),(672,'Buy House',49875,914),(673,'Retirement',7035,975),(674,'Retirement',16227,275),(675,'Retirement',8194,628),(676,'Retirement',17424,804),(677,'Emergency Fund',22711,352),(678,'Retirement',46468,456),(679,'Retirement',4236,953),(680,'Retirement',34268,902),(681,'Retirement',27106,364),(682,'Buy House',43239,751),(683,'Buy House',27267,249),(684,'Retirement',13931,580),(685,'Buy House',28271,646),(686,'Retirement',35594,972),(687,'Emergency Fund',34218,264),(688,'Buy House',26416,851),(689,'Emergency Fund',39400,937),(690,'Buy House',38808,930),(691,'Buy House',40833,120),(692,'Buy House',18851,444),(693,'Buy House',5615,296),(694,'Buy House',40278,614),(695,'Retirement',20669,115),(696,'Buy House',16022,604),(697,'Buy House',23711,201),(698,'Retirement',14354,704),(699,'Retirement',8139,851),(700,'Emergency Fund',13577,64),(701,'Retirement',16442,133),(702,'Emergency Fund',48786,856),(703,'Retirement',8970,850),(704,'Emergency Fund',398,906),(705,'Retirement',39661,462),(706,'Emergency Fund',12185,443),(707,'Retirement',3978,954),(708,'Retirement',39278,341),(709,'Retirement',34867,457),(710,'Buy House',28911,323),(711,'Emergency Fund',21479,510),(712,'Buy House',37756,7),(713,'Emergency Fund',40565,759),(714,'Retirement',25827,508),(715,'Emergency Fund',20928,129),(716,'Retirement',26926,540),(717,'Buy House',39090,670),(718,'Buy House',229,15),(719,'Buy House',12898,109),(720,'Emergency Fund',25671,265),(721,'Emergency Fund',5428,203),(722,'Emergency Fund',41183,60),(723,'Emergency Fund',48086,324),(724,'Emergency Fund',34951,293),(725,'Retirement',47830,682),(726,'Retirement',32729,653),(727,'Buy House',26921,795),(728,'Retirement',20061,936),(729,'Retirement',27991,380),(730,'Buy House',47694,114),(731,'Emergency Fund',9821,860),(732,'Emergency Fund',47981,676),(733,'Retirement',23322,837),(734,'Emergency Fund',20305,682),(735,'Buy House',44754,913),(736,'Emergency Fund',32080,582),(737,'Emergency Fund',8096,867),(738,'Emergency Fund',31560,618),(739,'Buy House',6205,35),(740,'Emergency Fund',44334,41),(741,'Retirement',29203,298),(742,'Emergency Fund',39233,717),(743,'Buy House',182,326),(744,'Retirement',5274,679),(745,'Buy House',17049,480),(746,'Retirement',21584,37),(747,'Emergency Fund',16433,981),(748,'Emergency Fund',31855,439),(749,'Buy House',4779,631),(750,'Emergency Fund',22247,623),(751,'Emergency Fund',750,747),(752,'Emergency Fund',9371,882),(753,'Emergency Fund',29431,403),(754,'Buy House',1521,409),(755,'Emergency Fund',27073,847),(756,'Retirement',24803,660),(757,'Emergency Fund',3270,901),(758,'Buy House',41952,271),(759,'Emergency Fund',17910,290),(760,'Retirement',95,887),(761,'Retirement',24090,124),(762,'Buy House',24673,949),(763,'Buy House',23465,558),(764,'Retirement',11011,966),(765,'Buy House',47390,232),(766,'Buy House',43945,451),(767,'Retirement',36098,767),(768,'Retirement',1315,137),(769,'Retirement',30626,250),(770,'Retirement',14606,238),(771,'Buy House',41621,237),(772,'Emergency Fund',35320,484),(773,'Buy House',1844,293),(774,'Retirement',43886,336),(775,'Buy House',11128,975),(776,'Buy House',5323,914),(777,'Buy House',25394,790),(778,'Retirement',37800,505),(779,'Buy House',38361,68),(780,'Buy House',48299,730),(781,'Emergency Fund',28170,566),(782,'Buy House',49564,544),(783,'Emergency Fund',4579,225),(784,'Emergency Fund',28115,271),(785,'Retirement',25575,565),(786,'Buy House',36923,834),(787,'Emergency Fund',13308,471),(788,'Retirement',17729,114),(789,'Retirement',9066,394),(790,'Retirement',46582,392),(791,'Buy House',31783,693),(792,'Retirement',34984,833),(793,'Buy House',40595,875),(794,'Emergency Fund',3063,496),(795,'Buy House',49000,21),(796,'Buy House',37306,247),(797,'Emergency Fund',11516,170),(798,'Buy House',14063,932),(799,'Emergency Fund',14125,966),(800,'Emergency Fund',326,91),(801,'Retirement',44710,172),(802,'Buy House',18052,280),(803,'Buy House',36970,750),(804,'Retirement',20242,432),(805,'Emergency Fund',21181,287),(806,'Buy House',47962,305),(807,'Retirement',15096,582),(808,'Emergency Fund',12722,274),(809,'Retirement',10189,205),(810,'Retirement',21622,936),(811,'Retirement',4716,332),(812,'Retirement',43492,232),(813,'Retirement',2061,566),(814,'Emergency Fund',40611,957),(815,'Retirement',43232,283),(816,'Emergency Fund',12082,756),(817,'Buy House',49306,780),(818,'Emergency Fund',18272,5),(819,'Emergency Fund',30557,282),(820,'Retirement',1195,399),(821,'Emergency Fund',20604,296),(822,'Buy House',16053,881),(823,'Retirement',27984,478),(824,'Emergency Fund',5318,409),(825,'Emergency Fund',19875,814),(826,'Emergency Fund',46443,24),(827,'Buy House',28854,898),(828,'Emergency Fund',4411,173),(829,'Retirement',23869,590),(830,'Retirement',40450,499),(831,'Buy House',41590,963),(832,'Buy House',35042,552),(833,'Retirement',30475,91),(834,'Retirement',41924,328),(835,'Buy House',31144,752),(836,'Emergency Fund',9622,294),(837,'Emergency Fund',28903,215),(838,'Retirement',2435,229),(839,'Emergency Fund',14445,461),(840,'Retirement',39858,679),(841,'Buy House',48654,861),(842,'Retirement',16210,479),(843,'Retirement',33120,54),(844,'Buy House',12006,361),(845,'Buy House',16284,385),(846,'Emergency Fund',28565,22),(847,'Retirement',45548,369),(848,'Buy House',22584,924),(849,'Buy House',26982,913),(850,'Emergency Fund',48800,53),(851,'Retirement',25502,551),(852,'Buy House',22564,596),(853,'Retirement',16608,790),(854,'Emergency Fund',19416,88),(855,'Buy House',4912,675),(856,'Buy House',18750,636),(857,'Buy House',17430,591),(858,'Emergency Fund',38167,96),(859,'Buy House',32774,712),(860,'Retirement',41456,367),(861,'Retirement',31624,123),(862,'Emergency Fund',10591,912),(863,'Emergency Fund',43503,589),(864,'Buy House',44275,438),(865,'Retirement',17481,151),(866,'Emergency Fund',3064,200),(867,'Emergency Fund',23158,880),(868,'Buy House',19953,974),(869,'Emergency Fund',21007,98),(870,'Buy House',41823,506),(871,'Buy House',28683,815),(872,'Retirement',15451,494),(873,'Retirement',11632,535),(874,'Emergency Fund',13426,420),(875,'Buy House',10022,127),(876,'Buy House',39304,831),(877,'Emergency Fund',23765,997),(878,'Retirement',40041,330),(879,'Buy House',11613,430),(880,'Retirement',47998,452),(881,'Retirement',26296,503),(882,'Emergency Fund',7773,981),(883,'Retirement',11904,883),(884,'Emergency Fund',42428,145),(885,'Buy House',22910,756),(886,'Retirement',37220,516),(887,'Retirement',9059,869),(888,'Emergency Fund',19806,580),(889,'Emergency Fund',39944,873),(890,'Emergency Fund',10781,178),(891,'Buy House',34005,673),(892,'Buy House',29304,969),(893,'Buy House',26252,367),(894,'Buy House',8971,131),(895,'Buy House',8889,548),(896,'Buy House',18953,283),(897,'Buy House',26229,801),(898,'Retirement',36605,382),(899,'Emergency Fund',20268,898),(900,'Buy House',33085,497),(901,'Retirement',49627,474),(902,'Retirement',26854,511),(903,'Emergency Fund',8401,21),(904,'Retirement',47040,902),(905,'Emergency Fund',36432,583),(906,'Emergency Fund',44506,268),(907,'Emergency Fund',26844,681),(908,'Emergency Fund',45859,211),(909,'Buy House',44003,493),(910,'Emergency Fund',32060,735),(911,'Emergency Fund',26743,432),(912,'Retirement',23829,720),(913,'Buy House',34271,921),(914,'Retirement',48363,200),(915,'Buy House',43711,89),(916,'Emergency Fund',41132,662),(917,'Emergency Fund',10405,526),(918,'Buy House',21880,180),(919,'Retirement',19482,191),(920,'Emergency Fund',17818,425),(921,'Buy House',49481,791),(922,'Emergency Fund',27402,789),(923,'Buy House',6197,727),(924,'Buy House',5937,816),(925,'Emergency Fund',7685,609),(926,'Retirement',4501,701),(927,'Buy House',2590,568),(928,'Emergency Fund',35726,522),(929,'Retirement',38168,420),(930,'Emergency Fund',38835,463),(931,'Emergency Fund',26313,683),(932,'Emergency Fund',6545,147),(933,'Retirement',13204,298),(934,'Emergency Fund',29596,869),(935,'Retirement',11177,421),(936,'Retirement',45094,212),(937,'Retirement',5802,531),(938,'Buy House',46646,750),(939,'Emergency Fund',25019,653),(940,'Emergency Fund',42106,932),(941,'Buy House',43014,909),(942,'Emergency Fund',4287,542),(943,'Retirement',31598,806),(944,'Buy House',12148,820),(945,'Retirement',18683,770),(946,'Emergency Fund',16703,484),(947,'Retirement',31820,930),(948,'Emergency Fund',44681,260),(949,'Retirement',15366,685),(950,'Retirement',22878,781),(951,'Retirement',15380,949),(952,'Emergency Fund',12702,811),(953,'Buy House',971,227),(954,'Buy House',34749,250),(955,'Buy House',3745,880),(956,'Buy House',11362,617),(957,'Retirement',7880,584),(958,'Retirement',23638,30),(959,'Emergency Fund',28275,635),(960,'Retirement',23809,954),(961,'Retirement',41311,120),(962,'Buy House',12049,845),(963,'Retirement',48517,349),(964,'Emergency Fund',6070,107),(965,'Buy House',25649,67),(966,'Emergency Fund',38027,428),(967,'Emergency Fund',49664,402),(968,'Buy House',46457,566),(969,'Buy House',25676,441),(970,'Retirement',49725,983),(971,'Emergency Fund',34783,693),(972,'Retirement',40121,884),(973,'Buy House',20525,16),(974,'Emergency Fund',8765,345),(975,'Buy House',47065,123),(976,'Emergency Fund',28575,495),(977,'Emergency Fund',15288,256),(978,'Retirement',1523,75),(979,'Buy House',9116,69),(980,'Emergency Fund',38199,439),(981,'Emergency Fund',9789,272),(982,'Emergency Fund',1808,871),(983,'Buy House',30355,305),(984,'Emergency Fund',29633,860),(985,'Retirement',1082,548),(986,'Emergency Fund',36516,628),(987,'Emergency Fund',42052,372),(988,'Retirement',28296,821),(989,'Retirement',28321,616),(990,'Retirement',1712,44),(991,'Buy House',22310,885),(992,'Buy House',38609,605),(993,'Emergency Fund',36352,511),(994,'Retirement',15787,472),(995,'Retirement',31498,924),(996,'Emergency Fund',43590,174),(997,'Buy House',36782,925),(998,'Retirement',15695,317),(999,'Retirement',12494,331),(1000,'Emergency Fund',25782,875);
/*!40000 ALTER TABLE `goals` ENABLE KEYS */;
UNLOCK TABLES;

--
-- Table structure for table `income`
--

DROP TABLE IF EXISTS `income`;
/*!40101 SET @saved_cs_client     = @@character_set_client */;
/*!50503 SET character_set_client = utf8mb4 */;
CREATE TABLE `income` (
  `id` int NOT NULL AUTO_INCREMENT,
  `Category` varchar(255) NOT NULL,
  `AMOUNT` int DEFAULT NULL,
  `IncomeInterval` varchar(255) DEFAULT NULL,
  `owner_id` int DEFAULT NULL,
  PRIMARY KEY (`id`),
  KEY `FK_owner_id` (`owner_id`),
  CONSTRAINT `FK_owner_id` FOREIGN KEY (`owner_id`) REFERENCES `users` (`id`)
) ENGINE=InnoDB AUTO_INCREMENT=1024 DEFAULT CHARSET=utf8mb4 COLLATE=utf8mb4_0900_ai_ci;
/*!40101 SET character_set_client = @saved_cs_client */;

--
-- Dumping data for table `income`
--

LOCK TABLES `income` WRITE;
/*!40000 ALTER TABLE `income` DISABLE KEYS */;
INSERT INTO `income` VALUES (1,'Investments',5047,'Monthly',720),(2,'Freelance',1353,'Monthly',92),(3,'Freelance',5296,'Weekly',235),(4,'Job',6961,'Yearly',113),(5,'Freelance',8785,'Yearly',677),(6,'Investments',9434,'Weekly',840),(7,'Investments',4594,'Monthly',174),(8,'Investments',1600,'Weekly',481),(9,'Freelance',6892,'Monthly',772),(10,'Freelance',4571,'Monthly',742),(11,'Job',9702,'Weekly',763),(12,'Freelance',7618,'Weekly',610),(13,'Job',7198,'Monthly',194),(14,'Job',1940,'Yearly',947),(15,'Job',2456,'Yearly',146),(16,'Investments',5578,'Weekly',288),(17,'Job',4418,'Monthly',807),(18,'Investments',3530,'Weekly',448),(19,'Freelance',3174,'Weekly',8),(20,'Job',2810,'Monthly',275),(21,'Investments',6810,'Monthly',472),(22,'Freelance',8302,'Weekly',531),(23,'Job',6050,'Monthly',723),(24,'Investments',2910,'Yearly',23),(25,'Investments',8111,'Monthly',208),(26,'Freelance',6385,'Monthly',267),(27,'Freelance',3165,'Weekly',616),(28,'Investments',8420,'Yearly',461),(29,'Job',1745,'Yearly',171),(30,'Job',6617,'Yearly',42),(31,'Freelance',8300,'Weekly',400),(32,'Job',1151,'Yearly',595),(33,'Investments',2544,'Weekly',487),(34,'Investments',9615,'Monthly',887),(35,'Investments',1986,'Monthly',793),(36,'Investments',2646,'Monthly',898),(37,'Job',6764,'Monthly',772),(38,'Freelance',5696,'Weekly',882),(39,'Job',6166,'Monthly',785),(40,'Investments',3602,'Weekly',783),(41,'Investments',6254,'Monthly',841),(42,'Investments',3432,'Yearly',957),(43,'Freelance',868,'Yearly',40),(44,'Job',9684,'Monthly',46),(45,'Freelance',1503,'Weekly',447),(46,'Investments',1293,'Weekly',440),(47,'Job',1956,'Monthly',757),(48,'Freelance',6206,'Yearly',981),(49,'Investments',396,'Weekly',930),(50,'Job',3114,'Weekly',548),(51,'Job',6070,'Weekly',604),(52,'Freelance',32,'Weekly',631),(53,'Freelance',9565,'Weekly',497),(54,'Freelance',8283,'Weekly',268),(55,'Job',6323,'Weekly',605),(56,'Job',7897,'Weekly',567),(57,'Investments',6508,'Yearly',271),(58,'Freelance',2848,'Monthly',977),(59,'Freelance',9973,'Weekly',158),(60,'Job',175,'Monthly',916),(61,'Investments',2408,'Monthly',335),(62,'Job',1793,'Weekly',401),(63,'Freelance',9971,'Monthly',341),(64,'Freelance',4947,'Weekly',336),(65,'Investments',9289,'Monthly',628),(66,'Job',5585,'Weekly',967),(67,'Job',3423,'Yearly',803),(68,'Job',1759,'Weekly',116),(69,'Investments',6177,'Weekly',696),(70,'Freelance',6468,'Monthly',34),(71,'Freelance',8244,'Yearly',358),(72,'Investments',3780,'Weekly',964),(73,'Freelance',9044,'Yearly',513),(74,'Job',6026,'Monthly',836),(75,'Job',4556,'Weekly',135),(76,'Freelance',4565,'Yearly',464),(77,'Freelance',7059,'Weekly',239),(78,'Job',1690,'Monthly',70),(79,'Freelance',7912,'Weekly',413),(80,'Investments',7231,'Monthly',24),(81,'Freelance',9470,'Yearly',779),(82,'Job',2664,'Yearly',57),(83,'Job',6818,'Weekly',444),(84,'Freelance',2910,'Weekly',538),(85,'Job',6013,'Weekly',584),(86,'Job',6744,'Yearly',563),(87,'Job',6197,'Monthly',712),(88,'Freelance',9461,'Weekly',572),(89,'Job',3355,'Monthly',237),(90,'Job',4651,'Monthly',713),(91,'Investments',3593,'Monthly',412),(92,'Investments',5885,'Yearly',478),(93,'Freelance',7706,'Yearly',348),(94,'Job',6593,'Weekly',405),(95,'Freelance',7500,'Yearly',611),(96,'Freelance',8422,'Monthly',512),(97,'Investments',1466,'Weekly',179),(98,'Job',739,'Monthly',798),(99,'Investments',4835,'Yearly',11),(100,'Freelance',8538,'Yearly',127),(101,'Job',7222,'Yearly',584),(102,'Job',5823,'Monthly',816),(103,'Investments',2500,'Monthly',413),(104,'Investments',5853,'Monthly',410),(105,'Investments',5152,'Weekly',104),(106,'Job',3315,'Weekly',367),(107,'Investments',9844,'Yearly',404),(108,'Freelance',8064,'Monthly',691),(109,'Investments',8632,'Weekly',186),(110,'Job',7595,'Yearly',760),(111,'Investments',5923,'Monthly',421),(112,'Investments',6650,'Yearly',849),(113,'Job',1276,'Monthly',793),(114,'Job',9126,'Weekly',207),(115,'Investments',7157,'Yearly',738),(116,'Investments',5771,'Monthly',325),(117,'Freelance',9705,'Monthly',520),(118,'Freelance',1434,'Weekly',47),(119,'Job',6003,'Yearly',985),(120,'Job',2953,'Weekly',755),(121,'Freelance',6783,'Yearly',98),(122,'Freelance',7487,'Weekly',348),(123,'Investments',8688,'Yearly',379),(124,'Investments',3702,'Weekly',630),(125,'Investments',6234,'Yearly',184),(126,'Investments',8664,'Monthly',815),(127,'Job',6842,'Weekly',668),(128,'Job',5207,'Monthly',888),(129,'Freelance',1807,'Monthly',445),(130,'Freelance',8144,'Monthly',477),(131,'Investments',7161,'Monthly',322),(132,'Job',6724,'Yearly',880),(133,'Job',6500,'Yearly',439),(134,'Investments',4879,'Monthly',323),(135,'Job',7266,'Monthly',909),(136,'Investments',7214,'Weekly',532),(137,'Investments',6124,'Yearly',850),(138,'Freelance',6198,'Monthly',137),(139,'Job',149,'Weekly',55),(140,'Investments',9070,'Monthly',741),(141,'Freelance',9109,'Monthly',641),(142,'Freelance',9791,'Weekly',836),(143,'Investments',645,'Yearly',707),(144,'Investments',8459,'Weekly',713),(145,'Job',9244,'Yearly',153),(146,'Job',5736,'Weekly',530),(147,'Job',8927,'Monthly',199),(148,'Freelance',7326,'Monthly',136),(149,'Investments',9769,'Monthly',346),(150,'Investments',7647,'Weekly',425),(151,'Job',1837,'Monthly',671),(152,'Job',764,'Weekly',424),(153,'Investments',3503,'Weekly',850),(154,'Job',9901,'Monthly',166),(155,'Investments',2302,'Weekly',887),(156,'Investments',7716,'Weekly',684),(157,'Job',393,'Monthly',597),(158,'Freelance',9743,'Monthly',147),(159,'Job',133,'Weekly',935),(160,'Job',6410,'Yearly',768),(161,'Investments',8180,'Yearly',634),(162,'Job',6794,'Yearly',206),(163,'Investments',7887,'Weekly',137),(164,'Investments',5034,'Yearly',334),(165,'Investments',8043,'Monthly',281),(166,'Investments',957,'Yearly',293),(167,'Investments',6905,'Weekly',491),(168,'Job',1080,'Yearly',637),(169,'Freelance',1133,'Yearly',430),(170,'Job',1328,'Yearly',662),(171,'Job',3696,'Yearly',73),(172,'Freelance',447,'Weekly',202),(173,'Freelance',4193,'Weekly',157),(174,'Job',2081,'Yearly',543),(175,'Investments',4263,'Weekly',223),(176,'Job',3954,'Weekly',509),(177,'Investments',941,'Monthly',217),(178,'Job',2742,'Weekly',259),(179,'Investments',4430,'Weekly',92),(180,'Freelance',7468,'Yearly',370),(181,'Job',2923,'Yearly',232),(182,'Job',7766,'Weekly',668),(183,'Freelance',6975,'Yearly',244),(184,'Investments',3444,'Monthly',356),(185,'Investments',6496,'Yearly',147),(186,'Freelance',9388,'Monthly',519),(187,'Investments',4073,'Yearly',71),(188,'Freelance',6650,'Monthly',6),(189,'Freelance',1175,'Monthly',185),(190,'Job',4494,'Monthly',878),(191,'Freelance',6280,'Monthly',36),(192,'Freelance',285,'Monthly',220),(193,'Job',9210,'Yearly',521),(194,'Freelance',6028,'Monthly',768),(195,'Freelance',1637,'Yearly',201),(196,'Investments',3371,'Weekly',601),(197,'Investments',3663,'Monthly',560),(198,'Investments',3380,'Monthly',386),(199,'Job',2886,'Monthly',13),(200,'Freelance',6344,'Yearly',944),(201,'Job',2205,'Monthly',697),(202,'Job',2450,'Yearly',390),(203,'Investments',1938,'Weekly',178),(204,'Job',6310,'Monthly',392),(205,'Investments',7508,'Yearly',747),(206,'Freelance',4334,'Yearly',514),(207,'Investments',8499,'Yearly',531),(208,'Investments',4327,'Weekly',447),(209,'Investments',5854,'Weekly',108),(210,'Freelance',7707,'Weekly',678),(211,'Freelance',9269,'Yearly',519),(212,'Job',5008,'Weekly',855),(213,'Freelance',7242,'Yearly',71),(214,'Freelance',8296,'Weekly',126),(215,'Investments',9134,'Weekly',229),(216,'Job',1162,'Monthly',155),(217,'Freelance',8956,'Monthly',624),(218,'Investments',7809,'Monthly',229),(219,'Investments',3053,'Monthly',749),(220,'Freelance',4808,'Yearly',397),(221,'Investments',2140,'Yearly',495),(222,'Job',4656,'Weekly',400),(223,'Investments',3962,'Weekly',934),(224,'Job',1756,'Monthly',935),(225,'Investments',1727,'Yearly',872),(226,'Investments',55,'Monthly',262),(227,'Freelance',9266,'Monthly',250),(228,'Job',3992,'Monthly',341),(229,'Investments',8750,'Monthly',562),(230,'Investments',8010,'Weekly',164),(231,'Job',8963,'Monthly',559),(232,'Job',5426,'Yearly',284),(233,'Investments',5124,'Yearly',182),(234,'Job',8269,'Monthly',83),(235,'Freelance',1343,'Monthly',806),(236,'Job',865,'Yearly',401),(237,'Freelance',8210,'Weekly',1000),(238,'Job',6008,'Monthly',422),(239,'Investments',5940,'Monthly',497),(240,'Job',860,'Yearly',167),(241,'Freelance',3972,'Weekly',47),(242,'Investments',2997,'Yearly',281),(243,'Job',6393,'Weekly',620),(244,'Freelance',108,'Weekly',634),(245,'Freelance',9330,'Yearly',29),(246,'Freelance',1465,'Yearly',528),(247,'Freelance',7003,'Monthly',561),(248,'Freelance',3434,'Yearly',483),(249,'Investments',849,'Weekly',268),(250,'Job',3227,'Weekly',723),(251,'Investments',8231,'Weekly',138),(252,'Freelance',2073,'Yearly',701),(253,'Job',4410,'Weekly',77),(254,'Investments',4841,'Monthly',512),(255,'Investments',3557,'Weekly',159),(256,'Job',8052,'Monthly',876),(257,'Freelance',3898,'Monthly',526),(258,'Job',4766,'Weekly',327),(259,'Freelance',9060,'Yearly',280),(260,'Job',1579,'Monthly',485),(261,'Investments',7801,'Yearly',464),(262,'Job',7923,'Monthly',881),(263,'Freelance',5941,'Monthly',366),(264,'Investments',5965,'Weekly',45),(265,'Investments',4843,'Yearly',799),(266,'Job',8201,'Weekly',392),(267,'Job',609,'Monthly',634),(268,'Investments',4788,'Yearly',401),(269,'Investments',3046,'Weekly',181),(270,'Freelance',6929,'Monthly',540),(271,'Job',69,'Monthly',281),(272,'Job',2645,'Yearly',503),(273,'Freelance',1680,'Monthly',671),(274,'Freelance',2276,'Monthly',291),(275,'Investments',4760,'Weekly',428),(276,'Investments',8451,'Weekly',208),(277,'Investments',3283,'Monthly',376),(278,'Job',1724,'Weekly',901),(279,'Freelance',5570,'Yearly',480),(280,'Job',922,'Monthly',440),(281,'Investments',5286,'Yearly',85),(282,'Freelance',8432,'Weekly',264),(283,'Freelance',4255,'Weekly',710),(284,'Job',6532,'Weekly',25),(285,'Investments',5860,'Weekly',916),(286,'Freelance',1176,'Yearly',998),(287,'Freelance',8872,'Weekly',883),(288,'Job',7884,'Monthly',36),(289,'Investments',5833,'Monthly',762),(290,'Freelance',2159,'Yearly',251),(291,'Freelance',8099,'Yearly',139),(292,'Job',3390,'Monthly',197),(293,'Job',6885,'Weekly',311),(294,'Freelance',7065,'Weekly',628),(295,'Job',5609,'Weekly',12),(296,'Job',1633,'Monthly',4),(297,'Investments',6009,'Weekly',384),(298,'Freelance',8823,'Monthly',312),(299,'Investments',9683,'Weekly',600),(300,'Job',6804,'Yearly',531),(301,'Job',9541,'Yearly',356),(302,'Freelance',1592,'Yearly',830),(303,'Investments',3341,'Yearly',880),(304,'Job',7071,'Weekly',519),(305,'Freelance',4795,'Monthly',448),(306,'Investments',1941,'Weekly',658),(307,'Investments',7385,'Yearly',119),(308,'Job',6110,'Yearly',540),(309,'Job',7557,'Weekly',502),(310,'Freelance',7294,'Weekly',346),(311,'Freelance',9912,'Monthly',728),(312,'Job',8984,'Weekly',526),(313,'Job',8966,'Monthly',308),(314,'Investments',7792,'Monthly',36),(315,'Investments',6622,'Yearly',263),(316,'Investments',352,'Monthly',305),(317,'Investments',4607,'Monthly',17),(318,'Job',1656,'Monthly',1000),(319,'Investments',4917,'Yearly',353),(320,'Freelance',2654,'Yearly',874),(321,'Freelance',2049,'Weekly',34),(322,'Freelance',7950,'Weekly',804),(323,'Freelance',1038,'Monthly',745),(324,'Investments',2136,'Weekly',358),(325,'Investments',8694,'Weekly',303),(326,'Freelance',9241,'Weekly',835),(327,'Freelance',5439,'Yearly',823),(328,'Freelance',7321,'Weekly',509),(329,'Job',772,'Yearly',889),(330,'Job',1944,'Yearly',695),(331,'Job',4526,'Weekly',347),(332,'Investments',5041,'Weekly',463),(333,'Investments',2482,'Yearly',556),(334,'Freelance',3241,'Yearly',159),(335,'Freelance',865,'Weekly',222),(336,'Freelance',4231,'Weekly',50),(337,'Freelance',1231,'Yearly',898),(338,'Freelance',9537,'Monthly',41),(339,'Freelance',1793,'Weekly',47),(340,'Freelance',2740,'Weekly',787),(341,'Job',4704,'Weekly',863),(342,'Investments',1560,'Yearly',202),(343,'Freelance',4303,'Weekly',361),(344,'Job',9753,'Weekly',288),(345,'Investments',6798,'Weekly',333),(346,'Freelance',1926,'Monthly',672),(347,'Job',267,'Yearly',464),(348,'Investments',5679,'Yearly',618),(349,'Investments',6264,'Monthly',343),(350,'Freelance',8736,'Yearly',515),(351,'Investments',9134,'Yearly',725),(352,'Job',5453,'Monthly',841),(353,'Job',557,'Monthly',498),(354,'Freelance',9599,'Monthly',758),(355,'Investments',7533,'Yearly',496),(356,'Freelance',6424,'Weekly',743),(357,'Investments',3317,'Weekly',619),(358,'Job',7702,'Weekly',67),(359,'Investments',3286,'Yearly',648),(360,'Freelance',3373,'Weekly',586),(361,'Investments',893,'Monthly',427),(362,'Investments',3050,'Yearly',955),(363,'Freelance',3893,'Weekly',808),(364,'Job',8414,'Monthly',718),(365,'Freelance',638,'Weekly',754),(366,'Investments',7501,'Yearly',468),(367,'Job',1358,'Weekly',373),(368,'Freelance',8477,'Yearly',759),(369,'Freelance',7747,'Yearly',898),(370,'Freelance',746,'Weekly',344),(371,'Freelance',8620,'Yearly',284),(372,'Investments',6215,'Monthly',261),(373,'Job',3635,'Monthly',559),(374,'Freelance',3483,'Yearly',589),(375,'Freelance',518,'Monthly',686),(376,'Investments',5664,'Monthly',590),(377,'Investments',1079,'Monthly',743),(378,'Job',1341,'Yearly',868),(379,'Investments',2683,'Yearly',295),(380,'Job',1810,'Monthly',789),(381,'Job',3522,'Monthly',597),(382,'Investments',1703,'Weekly',865),(383,'Investments',8876,'Yearly',88),(384,'Freelance',6680,'Monthly',909),(385,'Investments',2417,'Monthly',421),(386,'Freelance',8098,'Weekly',604),(387,'Freelance',1854,'Monthly',90),(388,'Job',266,'Weekly',703),(389,'Freelance',1153,'Yearly',867),(390,'Freelance',4237,'Weekly',253),(391,'Freelance',9923,'Monthly',578),(392,'Investments',400,'Yearly',565),(393,'Investments',3665,'Yearly',883),(394,'Job',4640,'Yearly',877),(395,'Freelance',4802,'Monthly',235),(396,'Investments',1324,'Yearly',407),(397,'Investments',5293,'Weekly',401),(398,'Freelance',8525,'Yearly',592),(399,'Freelance',5573,'Weekly',270),(400,'Investments',1105,'Yearly',673),(401,'Freelance',7814,'Monthly',795),(402,'Job',656,'Yearly',97),(403,'Job',2367,'Weekly',633),(404,'Freelance',8797,'Weekly',27),(405,'Investments',5821,'Monthly',825),(406,'Investments',4212,'Weekly',587),(407,'Freelance',3457,'Weekly',294),(408,'Investments',4687,'Weekly',264),(409,'Job',7895,'Yearly',630),(410,'Freelance',8591,'Monthly',656),(411,'Freelance',7277,'Monthly',925),(412,'Freelance',248,'Yearly',147),(413,'Freelance',5610,'Yearly',342),(414,'Investments',4349,'Yearly',194),(415,'Freelance',7558,'Yearly',622),(416,'Investments',137,'Monthly',664),(417,'Investments',4859,'Weekly',260),(418,'Job',5553,'Yearly',218),(419,'Freelance',1326,'Yearly',564),(420,'Job',5107,'Yearly',634),(421,'Investments',4352,'Yearly',570),(422,'Job',9106,'Monthly',173),(423,'Job',904,'Yearly',163),(424,'Freelance',2643,'Monthly',565),(425,'Job',3376,'Weekly',340),(426,'Investments',4070,'Weekly',681),(427,'Freelance',2727,'Weekly',54),(428,'Freelance',5693,'Weekly',334),(429,'Job',2109,'Monthly',7),(430,'Job',2253,'Weekly',224),(431,'Job',2171,'Yearly',116),(432,'Investments',2388,'Yearly',499),(433,'Job',3296,'Monthly',773),(434,'Freelance',7183,'Yearly',693),(435,'Freelance',6853,'Yearly',793),(436,'Investments',8963,'Weekly',895),(437,'Investments',9319,'Yearly',656),(438,'Investments',667,'Weekly',369),(439,'Job',4051,'Weekly',380),(440,'Investments',5725,'Yearly',459),(441,'Freelance',5644,'Yearly',596),(442,'Job',2379,'Monthly',160),(443,'Job',8959,'Yearly',585),(444,'Investments',427,'Yearly',551),(445,'Investments',819,'Monthly',601),(446,'Freelance',6638,'Weekly',212),(447,'Freelance',448,'Yearly',949),(448,'Investments',6147,'Yearly',146),(449,'Freelance',2366,'Yearly',186),(450,'Job',3905,'Yearly',752),(451,'Freelance',7689,'Monthly',845),(452,'Job',1240,'Monthly',757),(453,'Job',2532,'Weekly',6),(454,'Job',8235,'Yearly',599),(455,'Job',9527,'Monthly',719),(456,'Freelance',713,'Yearly',893),(457,'Job',3179,'Weekly',7),(458,'Job',2597,'Monthly',879),(459,'Investments',3502,'Weekly',751),(460,'Freelance',1064,'Monthly',270),(461,'Investments',1541,'Weekly',508),(462,'Job',2524,'Weekly',232),(463,'Investments',1187,'Monthly',177),(464,'Investments',2811,'Yearly',756),(465,'Job',8323,'Yearly',11),(466,'Freelance',7065,'Weekly',331),(467,'Investments',9228,'Yearly',559),(468,'Investments',2980,'Monthly',642),(469,'Investments',4973,'Weekly',680),(470,'Investments',4409,'Yearly',261),(471,'Investments',9770,'Yearly',222),(472,'Job',4147,'Yearly',888),(473,'Job',1317,'Monthly',514),(474,'Job',5771,'Weekly',342),(475,'Job',2965,'Weekly',561),(476,'Investments',9825,'Weekly',624),(477,'Investments',43,'Monthly',472),(478,'Job',9137,'Yearly',121),(479,'Freelance',670,'Weekly',189),(480,'Job',9801,'Weekly',926),(481,'Investments',7605,'Weekly',122),(482,'Freelance',4683,'Yearly',803),(483,'Job',345,'Weekly',433),(484,'Freelance',9073,'Monthly',348),(485,'Job',4360,'Weekly',158),(486,'Job',733,'Monthly',974),(487,'Investments',8291,'Weekly',997),(488,'Job',4717,'Yearly',995),(489,'Freelance',6443,'Yearly',296),(490,'Freelance',8115,'Yearly',761),(491,'Freelance',1505,'Monthly',14),(492,'Job',9049,'Weekly',71),(493,'Freelance',1962,'Yearly',94),(494,'Investments',20,'Yearly',202),(495,'Investments',8189,'Monthly',743),(496,'Freelance',7403,'Weekly',383),(497,'Job',6001,'Yearly',963),(498,'Job',8821,'Weekly',100),(499,'Freelance',9529,'Weekly',210),(500,'Freelance',4125,'Monthly',950),(501,'Job',3254,'Yearly',639),(502,'Freelance',2055,'Monthly',158),(503,'Job',1439,'Weekly',317),(504,'Freelance',7205,'Yearly',841),(505,'Freelance',4758,'Monthly',481),(506,'Investments',8399,'Yearly',638),(507,'Job',5622,'Weekly',942),(508,'Investments',8275,'Yearly',251),(509,'Job',3052,'Weekly',548),(510,'Job',6599,'Monthly',610),(511,'Investments',6471,'Monthly',808),(512,'Freelance',5181,'Weekly',578),(513,'Freelance',3105,'Monthly',702),(514,'Freelance',5380,'Monthly',908),(515,'Job',3916,'Monthly',279),(516,'Freelance',7596,'Monthly',931),(517,'Investments',8470,'Yearly',718),(518,'Job',88,'Yearly',711),(519,'Freelance',4201,'Yearly',589),(520,'Job',3985,'Monthly',277),(521,'Freelance',6749,'Weekly',331),(522,'Job',2126,'Weekly',63),(523,'Freelance',2730,'Weekly',626),(524,'Freelance',4334,'Weekly',604),(525,'Investments',5647,'Weekly',300),(526,'Job',6082,'Weekly',861),(527,'Job',8706,'Monthly',800),(528,'Investments',3513,'Yearly',483),(529,'Investments',95,'Yearly',837),(530,'Job',8071,'Weekly',808),(531,'Freelance',845,'Weekly',337),(532,'Investments',6238,'Yearly',828),(533,'Job',1174,'Monthly',780),(534,'Job',7624,'Monthly',468),(535,'Investments',197,'Yearly',168),(536,'Freelance',22,'Yearly',536),(537,'Job',1586,'Yearly',193),(538,'Investments',2384,'Monthly',794),(539,'Job',9396,'Yearly',708),(540,'Job',9803,'Weekly',263),(541,'Investments',1655,'Yearly',783),(542,'Freelance',3801,'Monthly',179),(543,'Job',9791,'Yearly',993),(544,'Job',506,'Yearly',28),(545,'Job',650,'Yearly',990),(546,'Job',2160,'Weekly',200),(547,'Job',8431,'Weekly',226),(548,'Job',7024,'Weekly',314),(549,'Freelance',6400,'Yearly',337),(550,'Investments',6384,'Monthly',99),(551,'Freelance',1315,'Monthly',610),(552,'Freelance',3945,'Yearly',12),(553,'Job',6706,'Weekly',639),(554,'Freelance',878,'Monthly',926),(555,'Investments',7953,'Monthly',783),(556,'Job',7075,'Weekly',402),(557,'Job',2676,'Yearly',468),(558,'Investments',4802,'Yearly',915),(559,'Job',605,'Weekly',917),(560,'Job',8750,'Weekly',375),(561,'Investments',2429,'Yearly',245),(562,'Freelance',4590,'Weekly',522),(563,'Investments',7861,'Weekly',239),(564,'Freelance',4556,'Weekly',512),(565,'Freelance',6201,'Monthly',179),(566,'Job',8182,'Monthly',938),(567,'Investments',4389,'Yearly',906),(568,'Freelance',2612,'Yearly',811),(569,'Freelance',429,'Weekly',525),(570,'Freelance',5744,'Yearly',196),(571,'Job',5460,'Monthly',616),(572,'Investments',7717,'Monthly',128),(573,'Freelance',4827,'Monthly',22),(574,'Job',612,'Yearly',972),(575,'Investments',9077,'Yearly',504),(576,'Freelance',4038,'Monthly',139),(577,'Investments',9946,'Monthly',653),(578,'Job',4427,'Yearly',542),(579,'Freelance',3091,'Weekly',998),(580,'Freelance',1633,'Weekly',130),(581,'Investments',9915,'Monthly',674),(582,'Freelance',8664,'Monthly',404),(583,'Freelance',8698,'Monthly',895),(584,'Job',1741,'Yearly',256),(585,'Job',2836,'Weekly',92),(586,'Job',1799,'Yearly',599),(587,'Job',7430,'Yearly',737),(588,'Freelance',3038,'Monthly',145),(589,'Investments',171,'Monthly',23),(590,'Job',2650,'Monthly',838),(591,'Investments',5224,'Monthly',393),(592,'Freelance',7458,'Yearly',644),(593,'Freelance',5065,'Monthly',836),(594,'Investments',3242,'Weekly',637),(595,'Job',1831,'Weekly',748),(596,'Job',5531,'Monthly',784),(597,'Job',9052,'Yearly',150),(598,'Freelance',6959,'Yearly',876),(599,'Freelance',3702,'Monthly',156),(600,'Freelance',6285,'Monthly',540),(601,'Investments',5984,'Yearly',513),(602,'Job',3513,'Monthly',64),(603,'Freelance',433,'Monthly',253),(604,'Freelance',4061,'Weekly',445),(605,'Job',7878,'Weekly',971),(606,'Job',3523,'Monthly',959),(607,'Investments',329,'Weekly',4),(608,'Freelance',7639,'Monthly',487),(609,'Investments',3722,'Weekly',692),(610,'Freelance',7930,'Monthly',842),(611,'Freelance',8553,'Weekly',678),(612,'Investments',1650,'Monthly',43),(613,'Job',3227,'Weekly',749),(614,'Freelance',3177,'Monthly',302),(615,'Freelance',8597,'Monthly',626),(616,'Freelance',1512,'Yearly',243),(617,'Freelance',2493,'Yearly',555),(618,'Freelance',2854,'Monthly',436),(619,'Freelance',6987,'Monthly',361),(620,'Investments',5628,'Monthly',449),(621,'Job',4471,'Weekly',463),(622,'Job',7728,'Weekly',518),(623,'Job',8802,'Yearly',66),(624,'Investments',3155,'Yearly',410),(625,'Freelance',9375,'Weekly',130),(626,'Job',296,'Monthly',394),(627,'Job',2094,'Weekly',439),(628,'Investments',4455,'Weekly',521),(629,'Investments',8700,'Monthly',851),(630,'Freelance',3334,'Yearly',680),(631,'Investments',9155,'Monthly',278),(632,'Investments',240,'Weekly',965),(633,'Freelance',999,'Monthly',223),(634,'Job',3352,'Monthly',364),(635,'Freelance',8954,'Weekly',740),(636,'Freelance',9909,'Monthly',172),(637,'Investments',3490,'Yearly',85),(638,'Job',4572,'Weekly',932),(639,'Job',5741,'Yearly',530),(640,'Investments',9021,'Yearly',372),(641,'Freelance',9306,'Weekly',344),(642,'Job',1495,'Monthly',751),(643,'Freelance',9133,'Weekly',600),(644,'Investments',1726,'Weekly',885),(645,'Investments',2431,'Weekly',663),(646,'Investments',4085,'Monthly',797),(647,'Investments',4493,'Yearly',373),(648,'Investments',256,'Yearly',138),(649,'Investments',3860,'Yearly',96),(650,'Freelance',3386,'Monthly',575),(651,'Freelance',8710,'Weekly',379),(652,'Freelance',3589,'Monthly',411),(653,'Job',5617,'Yearly',983),(654,'Investments',6092,'Monthly',735),(655,'Investments',4792,'Monthly',493),(656,'Investments',415,'Yearly',359),(657,'Job',4388,'Monthly',111),(658,'Investments',1448,'Yearly',761),(659,'Investments',1543,'Monthly',84),(660,'Job',1914,'Weekly',890),(661,'Freelance',1803,'Weekly',420),(662,'Investments',3395,'Yearly',680),(663,'Investments',8576,'Weekly',180),(664,'Job',6819,'Monthly',347),(665,'Investments',4488,'Yearly',408),(666,'Freelance',7122,'Yearly',861),(667,'Job',9354,'Yearly',31),(668,'Job',1687,'Weekly',929),(669,'Freelance',1196,'Weekly',919),(670,'Job',3677,'Weekly',724),(671,'Job',4447,'Monthly',935),(672,'Investments',7618,'Monthly',61),(673,'Job',2853,'Monthly',881),(674,'Investments',1547,'Weekly',20),(675,'Freelance',9690,'Yearly',242),(676,'Job',8644,'Yearly',253),(677,'Job',247,'Yearly',195),(678,'Job',4686,'Monthly',157),(679,'Investments',7533,'Monthly',906),(680,'Investments',4253,'Yearly',933),(681,'Investments',8844,'Monthly',414),(682,'Freelance',8991,'Monthly',362),(683,'Job',7761,'Yearly',494),(684,'Freelance',3913,'Weekly',994),(685,'Freelance',3534,'Yearly',775),(686,'Investments',5396,'Yearly',281),(687,'Job',4807,'Yearly',606),(688,'Job',1709,'Monthly',803),(689,'Job',7120,'Weekly',306),(690,'Investments',3929,'Yearly',718),(691,'Freelance',1003,'Monthly',448),(692,'Investments',5985,'Yearly',346),(693,'Investments',1698,'Monthly',122),(694,'Freelance',7771,'Monthly',674),(695,'Freelance',8083,'Weekly',295),(696,'Freelance',3263,'Weekly',548),(697,'Freelance',4644,'Yearly',899),(698,'Job',8821,'Monthly',678),(699,'Job',9390,'Monthly',743),(700,'Freelance',6500,'Monthly',672),(701,'Investments',9060,'Yearly',172),(702,'Job',1066,'Monthly',483),(703,'Investments',2045,'Monthly',546),(704,'Job',5259,'Yearly',83),(705,'Investments',8386,'Weekly',190),(706,'Investments',485,'Monthly',219),(707,'Investments',7063,'Weekly',460),(708,'Freelance',3656,'Monthly',817),(709,'Freelance',2162,'Yearly',764),(710,'Freelance',5658,'Weekly',878),(711,'Job',5782,'Monthly',91),(712,'Investments',5065,'Weekly',815),(713,'Job',9073,'Monthly',914),(714,'Freelance',1945,'Monthly',474),(715,'Investments',2486,'Monthly',461),(716,'Job',5207,'Monthly',745),(717,'Freelance',4656,'Weekly',145),(718,'Freelance',5568,'Weekly',279),(719,'Freelance',2715,'Monthly',658),(720,'Job',483,'Monthly',2),(721,'Job',5944,'Monthly',281),(722,'Freelance',9823,'Weekly',140),(723,'Job',8066,'Monthly',72),(724,'Freelance',969,'Monthly',200),(725,'Investments',9128,'Yearly',552),(726,'Freelance',2555,'Monthly',896),(727,'Job',7145,'Monthly',517),(728,'Freelance',3884,'Monthly',729),(729,'Job',3546,'Yearly',177),(730,'Freelance',1685,'Monthly',612),(731,'Freelance',1057,'Yearly',504),(732,'Freelance',6147,'Weekly',150),(733,'Freelance',3100,'Yearly',546),(734,'Job',5645,'Monthly',822),(735,'Investments',5366,'Monthly',799),(736,'Job',3384,'Monthly',246),(737,'Freelance',6263,'Weekly',687),(738,'Job',4100,'Monthly',612),(739,'Freelance',9305,'Weekly',176),(740,'Investments',9600,'Monthly',661),(741,'Investments',9151,'Yearly',442),(742,'Job',1513,'Weekly',903),(743,'Investments',7822,'Monthly',742),(744,'Job',485,'Monthly',249),(745,'Job',2857,'Yearly',193),(746,'Investments',820,'Monthly',829),(747,'Freelance',9940,'Yearly',436),(748,'Investments',3200,'Yearly',165),(749,'Freelance',2538,'Yearly',338),(750,'Investments',1316,'Monthly',462),(751,'Investments',5843,'Yearly',950),(752,'Job',7873,'Yearly',412),(753,'Freelance',7376,'Yearly',310),(754,'Job',2339,'Monthly',664),(755,'Job',5037,'Monthly',598),(756,'Job',8187,'Monthly',180),(757,'Freelance',437,'Weekly',215),(758,'Job',6878,'Monthly',136),(759,'Investments',3842,'Monthly',81),(760,'Job',676,'Yearly',563),(761,'Job',727,'Weekly',324),(762,'Investments',4822,'Weekly',256),(763,'Job',5070,'Yearly',338),(764,'Freelance',8502,'Yearly',117),(765,'Investments',5682,'Weekly',746),(766,'Job',501,'Monthly',243),(767,'Investments',1614,'Weekly',882),(768,'Investments',3048,'Monthly',855),(769,'Investments',4914,'Monthly',648),(770,'Job',8763,'Weekly',825),(771,'Freelance',7796,'Yearly',393),(772,'Job',4473,'Monthly',963),(773,'Job',2704,'Monthly',473),(774,'Freelance',5447,'Weekly',98),(775,'Freelance',9532,'Weekly',232),(776,'Investments',8248,'Monthly',586),(777,'Investments',7016,'Weekly',63),(778,'Investments',8717,'Weekly',1),(779,'Job',1681,'Monthly',189),(780,'Freelance',625,'Weekly',494),(781,'Job',8206,'Monthly',148),(782,'Investments',4246,'Weekly',737),(783,'Job',1793,'Monthly',776),(784,'Investments',1273,'Yearly',438),(785,'Freelance',1640,'Yearly',181),(786,'Investments',9503,'Monthly',434),(787,'Investments',6768,'Yearly',962),(788,'Freelance',1717,'Monthly',613),(789,'Investments',831,'Yearly',72),(790,'Investments',6182,'Monthly',100),(791,'Investments',3343,'Weekly',453),(792,'Freelance',5911,'Monthly',158),(793,'Job',6744,'Weekly',397),(794,'Investments',4675,'Yearly',313),(795,'Investments',7329,'Weekly',112),(796,'Investments',5179,'Weekly',841),(797,'Job',2987,'Monthly',116),(798,'Freelance',5085,'Weekly',623),(799,'Freelance',2511,'Yearly',169),(800,'Investments',9345,'Yearly',243),(801,'Freelance',1986,'Weekly',592),(802,'Freelance',4435,'Weekly',108),(803,'Investments',504,'Yearly',991),(804,'Job',3614,'Yearly',956),(805,'Investments',8974,'Yearly',455),(806,'Freelance',5517,'Yearly',397),(807,'Job',5704,'Yearly',269),(808,'Job',9763,'Yearly',130),(809,'Freelance',6691,'Monthly',550),(810,'Freelance',4225,'Weekly',81),(811,'Investments',7332,'Monthly',204),(812,'Job',2666,'Weekly',237),(813,'Investments',838,'Monthly',469),(814,'Investments',1454,'Weekly',547),(815,'Investments',837,'Monthly',669),(816,'Investments',9441,'Yearly',925),(817,'Freelance',728,'Yearly',63),(818,'Freelance',5229,'Yearly',378),(819,'Job',4677,'Weekly',489),(820,'Freelance',763,'Weekly',52),(821,'Investments',2840,'Yearly',938),(822,'Freelance',2627,'Yearly',552),(823,'Freelance',1214,'Yearly',341),(824,'Job',3739,'Yearly',42),(825,'Job',4190,'Monthly',591),(826,'Freelance',4458,'Weekly',158),(827,'Job',9788,'Yearly',181),(828,'Job',6210,'Monthly',176),(829,'Investments',7434,'Monthly',546),(830,'Job',6796,'Yearly',1),(831,'Job',8873,'Weekly',859),(832,'Freelance',3200,'Weekly',358),(833,'Job',9081,'Weekly',41),(834,'Freelance',5862,'Weekly',780),(835,'Job',5272,'Monthly',6),(836,'Investments',3510,'Weekly',626),(837,'Investments',7215,'Weekly',82),(838,'Investments',585,'Weekly',377),(839,'Investments',6270,'Weekly',525),(840,'Investments',3312,'Weekly',569),(841,'Investments',8142,'Weekly',358),(842,'Investments',4554,'Yearly',440),(843,'Freelance',2558,'Weekly',903),(844,'Job',8513,'Monthly',50),(845,'Job',2853,'Yearly',973),(846,'Job',9085,'Monthly',511),(847,'Freelance',5217,'Yearly',319),(848,'Freelance',3506,'Yearly',799),(849,'Investments',92,'Yearly',992),(850,'Investments',7581,'Yearly',481),(851,'Investments',3051,'Monthly',475),(852,'Freelance',2664,'Weekly',794),(853,'Investments',6693,'Weekly',581),(854,'Job',9991,'Yearly',763),(855,'Job',5024,'Monthly',680),(856,'Job',3917,'Monthly',328),(857,'Freelance',6889,'Yearly',147),(858,'Freelance',5892,'Weekly',874),(859,'Job',2924,'Weekly',696),(860,'Investments',5826,'Weekly',812),(861,'Investments',1747,'Monthly',17),(862,'Investments',7497,'Yearly',94),(863,'Job',206,'Weekly',554),(864,'Investments',3338,'Weekly',360),(865,'Investments',8260,'Weekly',460),(866,'Investments',2925,'Yearly',425),(867,'Job',4396,'Weekly',530),(868,'Freelance',1001,'Yearly',139),(869,'Job',7350,'Weekly',718),(870,'Freelance',198,'Monthly',920),(871,'Job',2837,'Yearly',119),(872,'Freelance',7044,'Monthly',316),(873,'Investments',6488,'Monthly',492),(874,'Job',4933,'Weekly',954),(875,'Job',6706,'Monthly',165),(876,'Investments',817,'Monthly',77),(877,'Freelance',7266,'Weekly',114),(878,'Investments',6075,'Monthly',527),(879,'Freelance',5418,'Yearly',554),(880,'Freelance',6312,'Weekly',17),(881,'Investments',6315,'Weekly',851),(882,'Freelance',4761,'Monthly',392),(883,'Freelance',1579,'Yearly',475),(884,'Job',6026,'Yearly',176),(885,'Investments',9117,'Yearly',744),(886,'Job',9298,'Weekly',973),(887,'Job',1004,'Yearly',160),(888,'Job',1355,'Weekly',136),(889,'Freelance',3547,'Monthly',521),(890,'Job',7001,'Weekly',618),(891,'Investments',4336,'Yearly',681),(892,'Freelance',255,'Monthly',361),(893,'Investments',6226,'Monthly',586),(894,'Job',5151,'Yearly',520),(895,'Freelance',2422,'Monthly',923),(896,'Job',3547,'Monthly',435),(897,'Investments',687,'Weekly',393),(898,'Investments',8449,'Weekly',520),(899,'Job',2587,'Weekly',244),(900,'Investments',3004,'Monthly',517),(901,'Job',1029,'Yearly',311),(902,'Investments',9743,'Weekly',718),(903,'Investments',8614,'Weekly',911),(904,'Investments',5463,'Monthly',188),(905,'Freelance',6378,'Weekly',436),(906,'Freelance',5399,'Weekly',336),(907,'Investments',5214,'Yearly',886),(908,'Investments',1313,'Weekly',526),(909,'Job',7981,'Monthly',438),(910,'Investments',1279,'Yearly',494),(911,'Investments',2243,'Weekly',822),(912,'Freelance',5896,'Weekly',811),(913,'Investments',852,'Weekly',330),(914,'Freelance',4877,'Weekly',306),(915,'Freelance',4069,'Monthly',987),(916,'Investments',827,'Weekly',693),(917,'Freelance',4201,'Yearly',747),(918,'Investments',4082,'Monthly',36),(919,'Freelance',9947,'Weekly',584),(920,'Investments',1392,'Yearly',391),(921,'Investments',1709,'Monthly',732),(922,'Investments',3582,'Monthly',224),(923,'Investments',298,'Monthly',553),(924,'Investments',2241,'Weekly',289),(925,'Job',4669,'Monthly',275),(926,'Investments',115,'Monthly',749),(927,'Job',1209,'Weekly',561),(928,'Freelance',5639,'Yearly',669),(929,'Investments',6323,'Yearly',996),(930,'Investments',2234,'Yearly',286),(931,'Freelance',4100,'Monthly',223),(932,'Investments',5426,'Monthly',305),(933,'Investments',8997,'Yearly',356),(934,'Investments',6563,'Yearly',272),(935,'Job',2450,'Monthly',216),(936,'Freelance',8828,'Weekly',838),(937,'Freelance',9590,'Monthly',688),(938,'Freelance',4326,'Yearly',32),(939,'Job',7069,'Monthly',148),(940,'Freelance',4457,'Yearly',139),(941,'Job',6120,'Yearly',388),(942,'Freelance',8479,'Yearly',627),(943,'Investments',2641,'Weekly',385),(944,'Freelance',9274,'Yearly',162),(945,'Freelance',7296,'Weekly',406),(946,'Investments',1384,'Monthly',982),(947,'Investments',4035,'Monthly',833),(948,'Job',1900,'Yearly',116),(949,'Investments',4886,'Yearly',243),(950,'Freelance',2034,'Monthly',687),(951,'Freelance',2107,'Monthly',828),(952,'Investments',8168,'Yearly',78),(953,'Investments',1122,'Weekly',440),(954,'Job',3388,'Weekly',483),(955,'Job',1175,'Yearly',892),(956,'Freelance',8892,'Weekly',868),(957,'Freelance',4831,'Yearly',370),(958,'Job',6771,'Weekly',539),(959,'Investments',1402,'Weekly',817),(960,'Freelance',2473,'Yearly',354),(961,'Investments',4824,'Weekly',989),(962,'Investments',4416,'Yearly',494),(963,'Investments',3978,'Yearly',121),(964,'Freelance',7027,'Weekly',271),(965,'Job',8064,'Monthly',893),(966,'Job',6912,'Yearly',105),(967,'Freelance',7594,'Weekly',491),(968,'Freelance',4871,'Yearly',840),(969,'Job',5675,'Monthly',228),(970,'Freelance',2213,'Yearly',155),(971,'Investments',9388,'Yearly',451),(972,'Job',1103,'Weekly',42),(973,'Job',7922,'Yearly',681),(974,'Job',8019,'Yearly',111),(975,'Job',8873,'Monthly',862),(976,'Freelance',3887,'Weekly',631),(977,'Investments',4828,'Weekly',499),(978,'Job',1293,'Monthly',970),(979,'Job',2542,'Monthly',107),(980,'Job',7306,'Yearly',926),(981,'Investments',154,'Weekly',962),(982,'Freelance',1202,'Yearly',636),(983,'Investments',9899,'Monthly',92),(984,'Freelance',8230,'Weekly',818),(985,'Freelance',1173,'Monthly',876),(986,'Job',5700,'Monthly',957),(987,'Freelance',376,'Monthly',109),(988,'Freelance',7282,'Yearly',858),(989,'Job',7435,'Yearly',407),(990,'Freelance',353,'Weekly',12),(991,'Freelance',9090,'Weekly',165),(992,'Freelance',9420,'Monthly',421),(993,'Freelance',5015,'Yearly',751),(994,'Freelance',7383,'Yearly',277),(995,'Investments',6163,'Yearly',219),(996,'Investments',6027,'Yearly',488),(997,'Job',8309,'Weekly',405),(998,'Job',2001,'Weekly',166),(999,'Freelance',3502,'Monthly',162),(1000,'Investments',9226,'Yearly',75);
/*!40000 ALTER TABLE `income` ENABLE KEYS */;
UNLOCK TABLES;

--
-- Table structure for table `users`
--

DROP TABLE IF EXISTS `users`;
/*!40101 SET @saved_cs_client     = @@character_set_client */;
/*!50503 SET character_set_client = utf8mb4 */;
CREATE TABLE `users` (
  `id` int NOT NULL AUTO_INCREMENT,
  `Email` varchar(255) NOT NULL,
  `HashedPassword` text,
  `Networth` int DEFAULT NULL,
  PRIMARY KEY (`id`),
  UNIQUE KEY `Email` (`Email`)
) ENGINE=InnoDB AUTO_INCREMENT=1026 DEFAULT CHARSET=utf8mb4 COLLATE=utf8mb4_0900_ai_ci;
/*!40101 SET character_set_client = @saved_cs_client */;

--
-- Dumping data for table `users`
--

LOCK TABLES `users` WRITE;
/*!40000 ALTER TABLE `users` DISABLE KEYS */;
INSERT INTO `users` VALUES (1,'Mohamed@sadqui.com','a@vbd',25),(2,'Momo','abcd',0),(3,'user_1@example.com','38c5ae2bcd1f12aa269e45ae8c8762f030630a5137dd6d1c799c019626f33096',91496),(4,'user_2@example.com','ea76b1e251a0c876b3d96d2c81f12736df3bed36ecb293f79c493c089924cbdc',31882),(5,'user_3@example.com','12313e7066d59b17cb8387c4d27ef847e39bc7b23ec48c9bbb6a08bac39252f3',84922),(6,'user_4@example.com','334ddbbc1437d63a0bf14657fb9c584d6af8697701c726febb7d8a833d9bdf27',28962),(7,'user_5@example.com','43eb28aba4577b8655cca86b084c8421660e50c40cdc1a3aad61dea941fdca05',90045),(8,'user_6@example.com','e3af2e502923051d802c608b7b7b31cbc978883f06cde3eb7bc0154e28a3e539',63338),(9,'user_7@example.com','ad395fe6c161f463caebc59851ce565ad032ff30e3c71cd04a5356ebe05a4eb5',46558),(10,'user_8@example.com','c62bb6b2345916b31d96d21b6d0a305936895bb8eef035cd15404cbd5fd4fb22',42773),(11,'user_9@example.com','1a17e7d0d8c634f6812090d7dd1b5c7161e409c4ac5806c1197664345b8bc3e8',74193),(12,'user_10@example.com','2811ee3c73ce17dfd398133f7207d4f8d7edbb97a54013880bf8fef8d930be2b',42647),(13,'user_11@example.com','47bb0fb013b151d5210f7cdf0819157d5e3f0d73b4576f724fd4e16b3f34c5f4',90655),(14,'user_12@example.com','f3b85859a45a8578b31a8fbeac54195f3ad6339507fc5316f9c176fe16c0a58b',25332),(15,'user_13@example.com','87de00b83184fe5513aa2ee4c73f2fcee13d6b23ecda3e1db98f312f2833b862',54698),(16,'user_14@example.com','e78b85ec36b1a26f0a08b2aa84814c1a23f2102ef4143713c090a3598b260306',97492),(17,'user_15@example.com','c9cd11537b30c2927618c2e6fdee76b907a033759a8907a40dc30e1f4b55c289',23367),(18,'user_16@example.com','964b503d16ebea882d3326cd7b9a1272a56b710ae798ef9c8eac87ad47475c77',24359),(19,'user_17@example.com','097813036ee03cf63db6fc08dc09e2a75568eda346caa7ae0e10880bc2976971',51695),(20,'user_18@example.com','256b9d5e613b5e23a8e03a4d627d28c724dff2d81835a6e731e02e0099852909',85399),(21,'user_19@example.com','d319b5747efb54d4f0e52bba05a1b78274c09143e69bff9221a1cded46fd08d2',71909),(22,'user_20@example.com','648c4b2f7b8393257afeb05f797908bbc7c50ca44580c8eca18a48378240b9bb',3346),(23,'user_21@example.com','00e76f69aec0ebd73086ccf0d8629de41bf5b77b08d9833d5b1f3ac83db92e36',1003),(24,'user_22@example.com','0796a6325808593d24d16eb44052f96244423182c24ccec4513abb585948ad35',94980),(25,'user_23@example.com','822b7700150f79cc66a070f13b37817aa079f5142eadae96d3b8c737e5dd80d3',71889),(26,'user_24@example.com','6f1b17eec48b4064467d95828b31528b0b963598af5a15c72a0b0f2dd594d241',74504),(27,'user_25@example.com','143c934ff3e3ac671490c99938d8b1ff23003bdd92800b20e37c35f404cc1da6',56852),(28,'user_26@example.com','8eab9d70528e6d4e34f333c3b90530ef14aef1b2ceae392944fac1d25aaf6471',60750),(29,'user_27@example.com','dc10ed66cd420dd7b0d6e151bed7d8b822983986aa98a8c99c926e479be5ffad',33195),(30,'user_28@example.com','0ad78b48e25bda1ad63e26dcc8c9fb0f5e888b8e49d3e56bc5969ab941dd2528',83724),(31,'user_29@example.com','297849e1ed3ed7a269130ce8c385170058778a74698508fce1604db3693e131a',19033),(32,'user_30@example.com','626b60a547caeca19e2d2cd7fd66f854063e9248a88fc29c80796933621a789d',43995),(33,'user_31@example.com','aae848ca61ed9b2d136b23ee710ce5295758699042e2bfb5aa384ea634156862',62877),(34,'user_32@example.com','5515ba80d37bafecb1396c41584676dfd4e526011eb20ac75b6f4bbeb2953024',82399),(35,'user_33@example.com','45386ceb11a5f648cb537521edc66eae887d5d679645ace7cb77a7150f39ce10',23365),(36,'user_34@example.com','4450def51c536f7a3818b478759e709d3ad06373e3da002cfdab344cb68a2b0e',69627),(37,'user_35@example.com','9bc25d521f116fc8855e16fa94503dab7ff75e402feac5d229dd1cfa7c59ffbd',78042),(38,'user_36@example.com','720713f8fb2936a7d9d1c6a960faa4aac76333fa11927b17b465b071770ecbbc',81326),(39,'user_37@example.com','01bf2d20d3a10eb6521d68b15761630f2a978716a8b2b1784232be2549929142',72507),(40,'user_38@example.com','f877c909d875b68eb34d41f7f9e148d4150bd4ac280ec38fde51a27d80616c9e',18554),(41,'user_39@example.com','3c81d98f8ef3d96e1544ed1b549f12e79549cf65d7b32a56c924d233484f8c84',75251),(42,'user_40@example.com','c199db9beddd08a689df4225506dbbdbcfc1e6c9685b5e64bc4c0ad7f6bbd9c7',20593),(43,'user_41@example.com','bbc55044eb039596b5bbb7655438a951c190dea4eeac6aa265f5d10444e453d1',77213),(44,'user_42@example.com','d76b61f9cec26572458b7bfd51f4543cea5b799a8170722ffd3fb0d797dd9742',24286),(45,'user_43@example.com','de98c02edaea85420a8f98295cdd5af48bd5df7487b395d81ef7acef9355f3a4',89792),(46,'user_44@example.com','967ffebcd194b1c19e749bb442a063cafa46ef8c95be28eeeb57dd80ae3d2a3e',76101),(47,'user_45@example.com','df75a4915c86ba128d6f4278795346aa2f280bca754565d589eea6594caf7536',11127),(48,'user_46@example.com','c4992391d6f57ef5f84391af44e1682fd170e4573f4208e8f4f0a272d31265be',27334),(49,'user_47@example.com','bce8ba3bbe7ac696cf3df4bff0a4f93aa3ed5132f21adb711644587cb821d0f6',3288),(50,'user_48@example.com','8c5aec4b48835cec5c8f30fd6ce4d6848f09cfa2ebed58168f1685f3e589e510',34437),(51,'user_49@example.com','69576f7ab05ebdb7939ee93bd17215da92160562954afab536b4ae75dfaf20c2',62322),(52,'user_50@example.com','3ba5c69bd1c5cafbd15841198da4e01e12fe2c079675958157d1d755d132088b',8300),(53,'user_51@example.com','3e8e28c45d8f02e72abbc54632f7aef73b93f709bfc41f5edec566527aa27d80',54533),(54,'user_52@example.com','db07f7e5a53f56e7913cd2fea0f5ad1919eceb976d8e921d422f149cf4c60052',47763),(55,'user_53@example.com','2d2d09a458753061c4e42117a04386087b69caa2146ed877b7aa4b018ac29257',75219),(56,'user_54@example.com','737cc9774c68372d0370578baa12fa51c56e5ec8a71451edefb7973a6a7eb2da',32807),(57,'user_55@example.com','8620f38fe2fd1a9847ece4e111038c2db37804f2ada93fc369c578486443e330',38377),(58,'user_56@example.com','5cb00e3aa4f1e9892a6a3d161c52ca165a0120c9d047170046870bf059a3d1d4',93463),(59,'user_57@example.com','a6cab268ca89978ccb218d30eaf833078067331a5d489dd07eba6cd6324716ad',52186),(60,'user_58@example.com','28a28ba3ec53474b7049c7b1edf93815e76eaf165e39c39a3c671316f591e646',80538),(61,'user_59@example.com','126cb772b046fa432ecb1895dfffd9c9474bf84ee3bb6542dc4bf726739fd374',46136),(62,'user_60@example.com','c6992c5040cbfb44adf3eea23f745b0dd8dc98700fba94fc12f8b0e85f09b90a',89062),(63,'user_61@example.com','916dad55e71df64e03a4833136f3901038d4fac14edea8df8124352968dc9372',6904),(64,'user_62@example.com','890e0981cee93a030e925ed34a0a461cae57e1810ed75575e60a61563879086c',67332),(65,'user_63@example.com','433e4d1e9315b297897799c22aedc5b25ba6d76c5c0d3873c4da2ae5c672e5ad',15948),(66,'user_64@example.com','186855eb9d199bfc16ee0dcc862ba08f7a3695502436c05afcca745a742e9044',77747),(67,'user_65@example.com','8d4d92b7ea331f07f140f36eafb920823cf3ed798aaf1b3408d6d57ead8931d0',40889),(68,'user_66@example.com','f3c77c120e4ed7ff07eb0bb0dca519e3d515060069e1af6298f3d1954f08699f',71206),(69,'user_67@example.com','b85be38571b14fa9459d46e1e8b917261c6e5082e99ab2a5ea5b52676ecd2afe',33361),(70,'user_68@example.com','3ebed9ba6e0a56dab735731b37d1a7114cf1a07b1c5f627748cd13ff6131ff38',53186),(71,'user_69@example.com','9b8e7e54dbffd379ea327ea092c4557f8fbde4ca6e696a1e11c31fe402d4a897',65850),(72,'user_70@example.com','92b634335bcd8afefa17f22f7c4dca1dd418d55612412a4740017d5a6bde2d84',69692),(73,'user_71@example.com','a6fee639e65b391dd67f138c92466e89e1446b7aa522af79c605493e084c4bc8',50907),(74,'user_72@example.com','9fa37b74e04c66865db350f484c09f4a43d6b29c0ca6834e14c9f6f43191b09e',45461),(75,'user_73@example.com','1f46a50297694155c56263d5eb60e872bb858fdd4cb04fa8d360054274328cac',74582),(76,'user_74@example.com','a6f5fef88e92da0be3722408421b8d86921f7c86e6b3be1c10ac9c0389850278',36527),(77,'user_75@example.com','b050fa6f21c55ad4e7e11daf42ea1f1014d0c0bb9d8bc519b9bc9985fecb817c',58890),(78,'user_76@example.com','083b9639321dd222b410ac0f546d209d62c11eaaf0ebb775de16fb44aee9b2f2',84869),(79,'user_77@example.com','0ab529c5e27f5ddc914b635712436af05f5ddcafe471c149fb1bab24e3cdf30c',47677),(80,'user_78@example.com','0464277782f87e4db78fdb4ded1fbd2b835c724a105e10337363ffba2707ce5a',83775),(81,'user_79@example.com','0614983d811a31b78048e1baa701a3fc64b6688e4e36182ccaf467f74cd5867c',75846),(82,'user_80@example.com','0ae5adbecc9d896d3e55cd32f0956dc50ce737f36033a956bb4bc3f406d61aa7',27903),(83,'user_81@example.com','6e113154d9bc35afde5a0ceb91915f78dccfd19e2577b221dab959f54e9224e2',11977),(84,'user_82@example.com','dd491f0b6a5dd7d7a5d316a55b66d9e65ace790fa563f106c47212f7d1f8230b',76178),(85,'user_83@example.com','12525bfc597aea9674e92353aefd79b3ece02e46de8c1d9f37bf808729665423',44956),(86,'user_84@example.com','5714ca94bd79bc23891ab8738482d62a0c5e1b8cd8c4b95abb6ef399a2a626b9',96248),(87,'user_85@example.com','10b0e859b28c203bf5e59cf5874efadb11d2fde0f410d951a418cfcb5ecac45b',46372),(88,'user_86@example.com','cc484ab9faf8413c73bbe350eba9d50663d289a4c99b5c5748c0fd7c000b5b82',43114),(89,'user_87@example.com','d69a94fcd3d468378af0bb3ba161061380dd1df4edee6d4a78ec9f32449d227b',76457),(90,'user_88@example.com','e6e07723397143c399e3e141e8d7a6c19c722080a3aace94618a0617a6b094f9',52941),(91,'user_89@example.com','450fb2f90c2c54ff555744590fce12f5a99b6bb7c8618d2f5bef2139f6f72540',35335),(92,'user_90@example.com','2c2436ab5a59563b75a15b7cba3fa7aa47cd6af00c34daf936b7e558056dd871',17850),(93,'user_91@example.com','0aabb6755953e0ec56af1566f6048b8e62abf979c806dc3bb6dc38ebe66c77de',83246),(94,'user_92@example.com','74b25d6c7024b0be0edf121a26b1db543eafc4c6cbd3a39ff967bce0fc1ab36f',62679),(95,'user_93@example.com','b2cfd1d6740a7090de7d7d55998f9904ca5cc72c33210ce997b99ab7410c7b92',63657),(96,'user_94@example.com','fc8b79778cdeec26ba7c4d7038e872d25e6c5f9fec6248222f54fc9db0bec6c1',30247),(97,'user_95@example.com','400ac4bf2d2b9189eb20b4569316e8ed90325fd72a11ee53760b365a19f51fbc',60264),(98,'user_96@example.com','5a6bb1ac05ee059b6fafd1fb62fce031ecb8dd9a02a9051745559ff0858765e3',10581),(99,'user_97@example.com','56eee39e687553b95998f817cdda501671fe28f386025bacae92ddb58fe2dd39',72111),(100,'user_98@example.com','c8c07de6364d000ede3046bf7b9a7d8babd1a14a0241702379b5adfa6c3959d7',28811),(101,'user_99@example.com','412e9e9cfb61c28c4b436ae4d950617290710a935a2f8ba419c8a4abd571f1f8',27722),(102,'user_100@example.com','462740c4edb614e491bdb7f11c7cd192d196f9edce82199b29ddf5dc51d7df70',52178),(103,'user_101@example.com','b35169226e590363d56676f817fbd505fd5e085f3f601b9e11bdf3b250451b1d',77725),(104,'user_102@example.com','6d976c8a6faaf4ff02644a4d98a4fbc37258e8d9cfbe5066e7763cefd385ca8b',32088),(105,'user_103@example.com','1416716a6683d479c02ae05abbdeb8e19ec392ff8311b59b14e22ed98a75cdaf',27269),(106,'user_104@example.com','ddfbc88906b32d9e5f028bd9881b38e20d96d5ad5f897f97380c662b42040ded',40078),(107,'user_105@example.com','355e14adb3f6b99cc87d39145a178bb330c1b0cd2748476774fd4b71a492297c',18583),(108,'user_106@example.com','3167b8553cee38d3ba9e7a27a66f6eb7c052fe4d15719e5970536ddbec83ef4a',72681),(109,'user_107@example.com','2da924f29ecc7a748eb1461c4c62c79244efd9524f56a1da27f366e9ef77c7b5',7654),(110,'user_108@example.com','282b0ebc7abe0b40031659613e22ada76a831a1cba793626000e0df8c3a71462',20230),(111,'user_109@example.com','63cc56120d54ad7b4be93a90b430030783719dffe3b792eb1f4885ed588a6dca',78188),(112,'user_110@example.com','d64992d39f715f4fbf63a14973a211d3dc18caa432ece308ee3ddb7dcaf98885',30249),(113,'user_111@example.com','f05fdeee65a2a5c356093ca5eee240196f416b91f042dde9c8419b1824d4445e',16683),(114,'user_112@example.com','32da34eb13cd8fa3820e49563654f8f2c52aa6adb2ddfb6131e238d5a65acc1e',92667),(115,'user_113@example.com','523fa19820d053e67c5c34ef75f53c26d9a45d90c19355cb4c8a02cb5d9911bb',13286),(116,'user_114@example.com','d286ebea528882bb14c7daf2b9399c005664c90148ec5f3e65542215f7203b59',88428),(117,'user_115@example.com','42598ce85fc0082eb1f5900962af4545842db8628e5e5f5711552c9101b40d62',2284),(118,'user_116@example.com','28925415c2fafc4a1c7c761a2547645a8916f57f8bf2f9c8e0326b217207e698',46136),(119,'user_117@example.com','59cf3dd4aa4c3bbc78a22c3217dd6cac22f20f2a8b609cadaf28f3d0fd77ff84',23828),(120,'user_118@example.com','49644b98cbeb91b697437a968404b4914daf385731cf6c35386faeae4fd72ded',80729),(121,'user_119@example.com','a6103bd881990b5ceca1bbe6fbaf56eead46de580ea879fb12ed928a221f7e72',32165),(122,'user_120@example.com','6623d9e03cc664cd382ca0c77980d353b40ee52832a7a665f335e329566db650',18635),(123,'user_121@example.com','b3b8c2efa9eab9cc1173563e1e0a159e2e11104d038f4773ad277e36409e97f1',96681),(124,'user_122@example.com','5e7ba4ecbbdc511ede29a22a74dcd226cb23bfe4bda58f4ee6685c965d5e1b27',27498),(125,'user_123@example.com','e0e358049bf1f8564d672080df3f18a4cbe931e55df7b9439ee1b08165805366',47450),(126,'user_124@example.com','def8b07fb943ad62ec5cbfbd6de9f6e30210fdbf922f149d7dd667b6b7a7f5ef',54756),(127,'user_125@example.com','63703d76f3653945c74f9f706c1bd631ec384ae235f65e3997f9750f49efdf3d',31429),(128,'user_126@example.com','f73db0c6a116720e60ad29eddec9fb308db18ff69b048347debda2b8b0cbb1ae',92879),(129,'user_127@example.com','3f1b768dd89938bc9cadd93dec9cc8ff4b9d7c0c4515ea1f066199d51277452a',70107),(130,'user_128@example.com','55bfa92bb33067f0fa423c53da31f55398ef45d489bf351ae3c9c621cd75ee3a',71896),(131,'user_129@example.com','3ce3e625e7276e426e45fa8242c0b2cbeb6092c943f1571a7ae5bfae4a60de1b',49160),(132,'user_130@example.com','3cdf47b7471b74af8d5cf085cc9e0037bf1292e36344e144a10d3227a84af3d8',30113),(133,'user_131@example.com','6901af215f0e2f5c6cf9cdae35fdf4a2f81a531a45fcf019f7387820752b742a',3085),(134,'user_132@example.com','146935ccb48f74f3c700c2ccb0a0eac720b46e12aaa8a21557dd63214cbd214a',25086),(135,'user_133@example.com','60a732034d20b920cad287d9a059d3b6b032561ec402edbf73a5932de4726976',16173),(136,'user_134@example.com','282a69e064c9e87f8c8c9ecea89de53bfd1227a05e2841ee0dc4423f8669fac4',5610),(137,'user_135@example.com','85500011a3ef3c172f77be0914479a561b47b39800b158d3ed940243abfe0271',79529),(138,'user_136@example.com','f604bba634b539f5e8b377be143c16ee003f4d428ec4de2f86f4cc9fc068e529',80817),(139,'user_137@example.com','8088b22ee377ae43c1e87245cb88480b7dddaee723b36bc6293d6e6701abd4c8',65497),(140,'user_138@example.com','7c0536e5d6875341a23978b16285df52cbbe9b2acc4f95c067708461335c1e1a',85033),(141,'user_139@example.com','50f3f028fa028e84730035d703ea75fb31f2abb2ef4b698c56bc40217d20a050',28673),(142,'user_140@example.com','d6c7cb9809d9c426e97436800f5ff742ee0af4a1cfd64d86e40a31d2aeee51d5',88267),(143,'user_141@example.com','eb3fa4db34d66e200108f59f8317e230f898182df83e9f6629df587c2ed4d70d',55317),(144,'user_142@example.com','4e88c146d44960fab0fd0a05d16835776e47257c0cbc451c0abc40f09cfd1335',11782),(145,'user_143@example.com','58ee5276e0957de57804067695912d12db1be10b687f0c2135aee67d685525a4',92961),(146,'user_144@example.com','f5bbe31dea123258fe69307cb4eca68f6803c9eee5a203877e2222b692b51bf3',29458),(147,'user_145@example.com','e801ef576dbd4f863aa481c0b20845d2f7df84da4b48ab304225f5037237af08',68406),(148,'user_146@example.com','2fd7a698847f73cd1b48121825cbcf14278ae0c8a44f42658359b20f49b99725',53659),(149,'user_147@example.com','37c6e031299c375a38c99e49641bcf43a828e4c833dd6a791fca7b68eeec44bf',63074),(150,'user_148@example.com','f174900cf5c96286b399427bd5ac022fa23d80de7300ebf3793613b356de3ef0',54393),(151,'user_149@example.com','bb5a4bfd40676b467fcdc4594ac3fd43b0e989de3c91531f1b1625101c5275e7',82744),(152,'user_150@example.com','afa0acf00ee2183422c37fe10ae9d07b5be84fd1ad05fe811e615caa39b0a687',50539),(153,'user_151@example.com','dedc0eeea49de6464d4c1be78c1558fc40243c996ce769b8daf5d7e53044c576',4465),(154,'user_152@example.com','faf4e3b843af89409f028f8bf0f4501b9ca022d846160b89be11304c08e5094c',70708),(155,'user_153@example.com','6927b35c3ad14b6021ae0008d6fd81ddef50d434e64906f5a2caf2fca0608e64',40144),(156,'user_154@example.com','389da0a77b6dbdd4b96a71275cdc29342e351a3e7da2d8a0bf956f21612d59b2',88597),(157,'user_155@example.com','1a7ece35b4c89d34fcc512e00bd1dc6cacf332ec5e9f46c8f1ab32f9f66eb74a',22554),(158,'user_156@example.com','3da1c52a14273576683b6a7fab7c5972b14399eb1dcd5fb42da7c405f88e53eb',46977),(159,'user_157@example.com','efc79b479f053e007ebf8c98a7374ef2f2d345b8fe66f5ae954be2d5161f78cf',67225),(160,'user_158@example.com','062bb9297827db33e51e8c391263552add4189132caf93cc889c81c71bf62c18',95194),(161,'user_159@example.com','e728c61a86ca574ea18469ddfe308e9eadbabde4f46e76702437c3e89279679c',74293),(162,'user_160@example.com','4f81e9e6d1c4cde53f2f99d73d746c9c9a6dbd47f11d05cc8b9ccc258a8abb46',85886),(163,'user_161@example.com','f263beb0f457bf581a9c9d73e6b3e74072d7b58f34abc93d28bad24dc7ea6599',6548),(164,'user_162@example.com','3b6e06dc595597dc5dda851b52b084e75b8999a33259497c3de5467ee13d140b',75082),(165,'user_163@example.com','db564e5f2887581dabd7175b6dcf25bc17edae6b309c621e2238c480353ba5ba',55768),(166,'user_164@example.com','df44c4ae1a9283c4d329c4eed85512673fcd09035c968b82a18b7dbf313f1d38',53592),(167,'user_165@example.com','07d022e602cb7e3bb0f8a38641bd4e9de423ef5aab3a28b3ce23a8fea971d126',656),(168,'user_166@example.com','87b47db7d35ff280ba79e18ffdffa9cb9757339408fc4ac18c67c1d1d3dd5d0f',42503),(169,'user_167@example.com','b0e841c8c19e8928f40a248a79a6942a72f0c4aa50d688e4c41afdc198593c81',10550),(170,'user_168@example.com','7dac605b6344644381ba7d69a22291332d9871fa0e1c5e85c0081189d1b67a53',25238),(171,'user_169@example.com','1b63f173bfb8e274dc87cb792ec4e61f8a8735422b02493d5c6f0b89dc7b6f37',94539),(172,'user_170@example.com','8c68d378503f455b5c332fa35ad4ffa598ba7af2fc595b71d637b2decfdc0ebf',96984),(173,'user_171@example.com','aa949311db1c1ab12be201c359069ed990414c312f63e433a095ab49634c643c',1302),(174,'user_172@example.com','15de6a4308b93b75df5a251e3d21d9561fd5dd5d5d7dae9a159c04a8d21af372',15559),(175,'user_173@example.com','125376e99c1a9fc39e9340321b99e3a5d245c75e891621646f05c83a687e2f0d',73887),(176,'user_174@example.com','5196dd5e9e3aa34d50f458bd53c5c29607ccd3770ac814438f8d08f27f118dcc',22759),(177,'user_175@example.com','eec19acc0777c1f3eed1eaea844b776e79e9b8d862caa9fe1e012004ef8dabc4',92132),(178,'user_176@example.com','e428f4e0b05dc0dd44e1416c0d7240586a8722560b86c1387c194ddcf77aaae9',92384),(179,'user_177@example.com','e188d528fa5b4ed3273f25e52fda65ba58c5731978cfb062b525ff21154dde4f',85524),(180,'user_178@example.com','6874fb12ec5f1bac312b55c08b7b197ffb5e0008eb8ed449cf39b4a6666b9437',50469),(181,'user_179@example.com','08998d61e45ad2dcaf95db84edf46ac2d772129f8a7203cb5c6aa01c5b3948f0',95774),(182,'user_180@example.com','d349007afe3c8ade54074d8ca78696fd1a2881803b3c8a62d660c9e6135a0206',27463),(183,'user_181@example.com','e4ff9be53e95302ec28dc74f035015302b8e7d3d822c9e3bb7d7a115146e4a05',49993),(184,'user_182@example.com','d9a12a173381f32acd1603b8342b6310f2020f45c0440b26a560abe020792d7f',67573),(185,'user_183@example.com','d8e131cc2acb57210b25c4dcffb95ab7913116474937333934355c5f9f39ca6e',87890),(186,'user_184@example.com','87f451be94f4b506a82fb4b9c3d93fe1f5a30849657f5223989754bfc2628885',36728),(187,'user_185@example.com','1432ca5c36c9e8ab5df015a5fac437a64164e8eb2e1ff896d80bc93057bc9954',19972),(188,'user_186@example.com','b0cf16d334c595575fe2bf4dc9a74f83967b2f25a3a46f926d841e4344faa317',89673),(189,'user_187@example.com','22bdc85e942d8c3511a82c7f9f1d341c9e69e8be605c8872528a913bd16edba6',88452),(190,'user_188@example.com','09fc7e3a7d2a544dd8c2064d8a9c78d1cb921cd682bc02bf9f3e913b2520bf93',73239),(191,'user_189@example.com','b148e164083bca42377a9b13aa7b6f05770e2f59b6107f0ce2c9cad165c90fb4',839),(192,'user_190@example.com','d7bcabb09034223d8208dc1caf5462325cc64fe30fd3cada798aff1c657c99b8',84479),(193,'user_191@example.com','735daca240b59c9b338a72c0bc5c6bf28c9730678102499936cb453cb759f699',19876),(194,'user_192@example.com','afff5c1ca3590961fb792e6233a3fb5beea1b117a895e8d4d5860e0cba98ee80',45945),(195,'user_193@example.com','f76221747c930ad4ce21e408abd257727192865cd83a0c3c85b057f091a558c9',70097),(196,'user_194@example.com','021600f71bcd5aeb394356e79ec484716ea847694793d724c8b3103db48aee70',12650),(197,'user_195@example.com','6ecf97b27e1c3780faed59c1c96e1f2a4d3ec3f032efaafc0e21178d2eb944f3',52961),(198,'user_196@example.com','00bc8d02e5ee1f0e3691e3e0b07b02fad9b305419f23ae4d9c2e9eb894f543b7',26852),(199,'user_197@example.com','ae315d7cf01224f944b9d5b4d16865127f98c50f86ea72a9d4fd5b708e1bb816',75379),(200,'user_198@example.com','3e4fbffbdb4912c4358bd92570544c836b38938c078412bed9a546f8aa3df861',96338),(201,'user_199@example.com','309834848e7b45f78aec2dd2a198b208efd053eaff52d2f60782d9c0d8929cf5',55553),(202,'user_200@example.com','79ce5bc8d23a1528d5f0e56bcf6e46b352b5449b4ee7311897970ee2d23aa89e',88753),(203,'user_201@example.com','d23c792529985c866ae123d4c3ab7aa0d9979f1a56016c5465cf43ce4d7f3644',77104),(204,'user_202@example.com','1208d49901654222189bf93e63afbab336d19fd0ab39e06bb1af5a874b0e594e',19262),(205,'user_203@example.com','235162547f22bf6d29e7921d4d03fc035cba698de8821892cab6f030d6e2bc3c',64998),(206,'user_204@example.com','44798cd590d39daf35289544dc2032cf6cb3c35db5898461ce870f83599a0beb',67203),(207,'user_205@example.com','4e165d886b69490a31baf1be55ead40855420e85034f57b28049fbf46b1cff26',41019),(208,'user_206@example.com','0cd137d22fd6fc0b06d8d6619b78099a951fd03bc144817beec0fdafdd017e09',3490),(209,'user_207@example.com','8f34cabb1de9dc0c3bf31b92ae05d20c1d96da32dbe1a2e8f8b38ee155edb151',94390),(210,'user_208@example.com','0e8169143bf357afc25fa328276050c84e7c1462d5b7594e00b292751402d9cf',61482),(211,'user_209@example.com','767032d725a6fcf3d174cce34804053d0a2ed01333e52d876ba7f1c0e4f4b5c3',24241),(212,'user_210@example.com','214d04a8a725577fa878850188f2ab07200784ee45ad9307257e8c7b1cc60143',36756),(213,'user_211@example.com','2e13095a40747bef67747c5c973e93ab918a3c73efbf1f50d81bf4021166850d',11058),(214,'user_212@example.com','2b898f8ef597a9fce42d74f2fafd4fa1c7a9ebe63dea5e2b06df235c81c7e898',45021),(215,'user_213@example.com','25fd61d89b7aa956d83326b6294a5796f6ddf2df056daf5d8045446499439d90',91931),(216,'user_214@example.com','4552953cca05ec2477c83ec888dacb8403d6725bf534d50b32ca7afd719c4536',24593),(217,'user_215@example.com','00b66c1b4c48d0dd9c6a01f5cd27399645faa7f976d70259493f41b016d7324a',47171),(218,'user_216@example.com','8f4de9ccc9471834475085865add6c9f27448ecfa884b1b6f8b19ffddad77188',62078),(219,'user_217@example.com','556517b55fc6a5df6d49233337fd7cb3c16e71b36521fd9b13345ae33cf4c2f7',68877),(220,'user_218@example.com','48ed736f28c9ddc5c9f370bc2a95b4ca1028deaccfb7f25b87319334ce0ea30b',58149),(221,'user_219@example.com','f39b1a6cc8da5cb9bc29e1d03c37f3c56a4f6f46e0113c62975338a21af819d8',84113),(222,'user_220@example.com','be3744466ddda479c2d425fbd04e5b7b7d51fb116ba3e9cbe874282d8e331fb2',46118),(223,'user_221@example.com','67c3ac1c624fce9a8adab310443a272d1a6cfa114c683a430b66a20e2ba037aa',78253),(224,'user_222@example.com','239ed5e12e6862e029e3d6b54cf3733f36ebf671278a7df14f588da230833fc7',52912),(225,'user_223@example.com','7c217d762681dfeef230c6c03b7458bf1a916d2dca628c68217f15159af561c9',29800),(226,'user_224@example.com','431d22e980e0aef29268e4bddb779298c571c43104770cf0a62ec550f310ba9f',90265),(227,'user_225@example.com','358da95b5bb72215a052b25d608e1b52181cbad551d6cf65b2f6369aaff80982',61925),(228,'user_226@example.com','8a61679970e8748dc92fd775d9b92ccf68c8df2ad45ae1d14ed189b20bd16e7e',38830),(229,'user_227@example.com','3f36845f19f91b85ebe050999b45b19905022187d8d57bfc811f8f05eb38744c',8377),(230,'user_228@example.com','d5a010ea30c720565e6869cf6859be008c0456275c31c78991226f29bb079b71',25392),(231,'user_229@example.com','31c367d48927f23415768bb6224bf1be8becdfeebb672e328c4dfcbb38868afc',1828),(232,'user_230@example.com','b47fa28709e4c27d845c84767ac3e1760ac12dc48efdce7c47675835e5bc442e',32966),(233,'user_231@example.com','ce22b87c57fab04d2205e556ab46e4ff945c478f48a091a99cccc96d4659564d',59347),(234,'user_232@example.com','c123dea92b99cc94b6f62bfdfbf3f81d72066f9947b51827f66584640d36a457',97835),(235,'user_233@example.com','9d59bf759e8469042ca6d636a63d74f0ffa7f494a60e542fe49a1ec1308943f7',11135),(236,'user_234@example.com','77018d071cfd3ad42770e9a1b93d71962017ea40dfb852bb131dc5eac35fe8a9',62171),(237,'user_235@example.com','1ebee1789ea9672e9cd3d281ba2adfbe2a92703ceab7eb6577fa9cf89519fd5d',77449),(238,'user_236@example.com','717b3ae2b3d9bfa1d4e1eb2be1ad81d4ea3cde3f7451936260b117063d1a13d2',732),(239,'user_237@example.com','863f37e6ffb2bec92ec3898b2228dffd9444ca7648c4a71395bce13415890189',71313),(240,'user_238@example.com','6d0d730c50d58d14d69c750c9ee704be725e2b363fbe78765fc147c9099a923b',54369),(241,'user_239@example.com','8e464115def9ebebefb3e4f4a5b12bc31f072eee4d59775d52d8d5b0ce558b8e',57906),(242,'user_240@example.com','fcc49ee692055533d575a2bb512d76305a0446ebc62bb582fa162c15e7aad581',26422),(243,'user_241@example.com','15dde19ceb695dabe6a7574019e7911bab9381251e3d0b2ebea93ccc6305b506',58394),(244,'user_242@example.com','7d4af7e787f96cda4938ad44503c304c9121bc400f26a53c84c6f684ca3447ac',12702),(245,'user_243@example.com','c26fe5e193bfba6b5fdd39bf8030fa492c21a48e0df06ea202c2e8d936dbdd5e',88329),(246,'user_244@example.com','5946e22071b9795b62a6f6cc451e947573113cbf8de99d0e64e37dee862f2f44',3539),(247,'user_245@example.com','789b60561efcf7135b5fd2e46f695262b0c10c62fec4aa0863dbab3b04aed93b',52707),(248,'user_246@example.com','d9cb46a8c7c443e8ab99740e3e4ed08c4df0269e9c6d5a1c7825603ad3e0e3fb',52917),(249,'user_247@example.com','8f5cdb33c15e534c260e14f179cae73b4fb6d8d35a1d0601db681a3059a7a823',6467),(250,'user_248@example.com','8c393a9c1cac58b08a6084900b5934f1d926652f090cb4b200a9266e7b6b39f9',73583),(251,'user_249@example.com','fe3fbf4dba8611beeacd24d852a7eeab27633aeb2bc1fa0622965e406858b849',48515),(252,'user_250@example.com','6bde2590c35c85e30fb5aa93b31de4ff6569fe8effa340bac17f887610552dee',21826),(253,'user_251@example.com','21fd0b2b4195ab4b47dcfbf361dae479c9d0b7d173cfc4d3b97eceea8c8c55a4',63586),(254,'user_252@example.com','d075fa0e47cd72a43a328776095b573cf881527ba993bbcf48750dfc2b6827ed',52453),(255,'user_253@example.com','bcc22b2688fb4eba31bea80a813b237146adc9e0f3fc9f5b379f89b2ee12110b',71504),(256,'user_254@example.com','6017a99fcf45ac86c16616bc0fec87f3befb5b0eb85922b9babb531e62df63d1',164),(257,'user_255@example.com','33256922fe1085f620fa384f3795ab58bee389939c8ff63bfc5a47a4d2843a52',86305),(258,'user_256@example.com','93342f3225ae71d47a9d46944cdd3690ca0d19feb28263c4c29382d4a645a684',31034),(259,'user_257@example.com','926dd610ba0b54d8c2a92e64dff4d2752181f5c8eedb7ecf807a191fa6bbb0a1',96255),(260,'user_258@example.com','995b433166ce4dec6ed5014cda946f5569022ce1228366dfb3e7f4f5d819a57b',88172),(261,'user_259@example.com','358a13f0dd3d87c09a41d369ada689af3ab7465f1e064c4a0d8b8c4be70285d8',52096),(262,'user_260@example.com','950c891190cee74028ca35ef001a580aafe81a3bc004a016bb7eb518cd29eefc',95962),(263,'user_261@example.com','fadb6127473db91c27c1743d7fd8bf8208b26ac1e5a54bc17ba820dd72d1f0a6',23522),(264,'user_262@example.com','1bbb8632412ec7019b3ee6e2f0350872075c34b31c0438eac5d1d8f5ee64f988',29726),(265,'user_263@example.com','98df3ab73fc670865abf065c376a03a95c54199ffb08fbbb7b7d5bf8ab35b98a',78064),(266,'user_264@example.com','29da86718b64aa4668cafce1f64dc67ab51c2d889ac7f3cb590c42669063c18b',1143),(267,'user_265@example.com','3b584ca29b7c32a1b269de2eb0e895198953b1394414e7192669dd9033a419c9',71523),(268,'user_266@example.com','99ab3193294463b2a915bd9c6d06ed243f39e49390702a0180c9a3d2e47c30c3',54186),(269,'user_267@example.com','270f38f83530ec8d9cf9083ddd98d13f4d679abc3f7952d19641319123b7b996',56359),(270,'user_268@example.com','c5358c04e2159b621ab0272c589a6300f95334621f46da199d105b8780ece83d',19237),(271,'user_269@example.com','5b5c65c1d1400a1f2b2690c1555cc99d02ee72a26bddfd7414ed2f3a050dccbc',27111),(272,'user_270@example.com','0529297b38859d33c963910022b1501f124623c2abb08a4ce685487de97b16b2',77841),(273,'user_271@example.com','7bf0466c977d5223f6678d8316a1b29a18da6050bc479f973f29ca410757c507',7874),(274,'user_272@example.com','b2e6ef1bc90701cfe03608cb14dd7d1dbf2f9c812f9c9de01f936e0c166d40ca',5848),(275,'user_273@example.com','6e606e178359bec426be39ebf293560c5c19a6d681895cb9f54896c872a270b8',5615),(276,'user_274@example.com','626da3731ee7d6dd536886d3c0d0daecd1c8610760a51dd47c015a514124b8ac',10531),(277,'user_275@example.com','e4d55ff74bb40c29b31083eb5973df5e676af175d70e7b2968716cff33a0da54',35810),(278,'user_276@example.com','e070c223d5a2fbc5528a424f82bfd89f725a23fa86ef143b3bdeb16c04ce653c',47457),(279,'user_277@example.com','130285d4ccbe482bb433ccfe0ab884aff69d2fdfeeb68d1652e2065a1fe4e5da',29855),(280,'user_278@example.com','5d0876554d8c42fa671819140af4c9480e32a252e989a7ac67f8321ee5f4c25f',6903),(281,'user_279@example.com','3befb6d6d15b6e376bc6f6071994d895c6cd41dfba40b18149d8cb6e02109b9b',44950),(282,'user_280@example.com','5ac30cc3157311409db0fa676d316a45b67c687127265d0f20cf608441bbdaac',4040),(283,'user_281@example.com','d118889930c9fc72d33b78e459ef0b4199e0084dc4dffa867f016eb6e392e400',85351),(284,'user_282@example.com','46548352cf24337aa5403fc25018c742700e5e80904f981c3c478fff236f8062',14637),(285,'user_283@example.com','2ede85a568c70578b80eb8eecc9558506c1f2be91da6450a0cabeee6f9e69248',17131),(286,'user_284@example.com','9ece9b2f2da2acb84c36d1565fd6e3c5384358f3bcaae84b3e7799e4193f3907',41742),(287,'user_285@example.com','73ecfaad0ecf466473b433d30752684852ec5d70d9674e9fdd95fb0dadc0a433',57317),(288,'user_286@example.com','77d22e78b5b382f1aa813562644d28517b24fe68300c6d987cbb1d56e6ebab66',61360),(289,'user_287@example.com','3f0fa5e291e3db5ff6e853944e960f898f01ce05292b1db8de89a1a329bd6ef9',34849),(290,'user_288@example.com','0b729890934d06a3027f5157136ab62a3afe69af56392e06f395b687c9759875',90166),(291,'user_289@example.com','08257e4b65057e2fcb22311ecb2fd581b29e1b961e8f963cc0b9a8a26f4ac608',46283),(292,'user_290@example.com','b501582612183ee8f0c6dd3233cfb381e74fe0ebcf30404bd0b86d0f8fd31a7c',60918),(293,'user_291@example.com','9580903eaac8f6082c4d1a078b9256d0e585c779dcd4be39074040e4653b3177',65738),(294,'user_292@example.com','346fcd69924a673e70819bac368c88fc1ff4b2a20574e0b6726ae5417258d3ba',45939),(295,'user_293@example.com','7e1b643d60c317d5cbf204e34b582011e4ca156348bcb8567b7d97e5590bbea1',32480),(296,'user_294@example.com','18d3bbdc56624b3081343a3963b7912e88c2e8baec6174b6a9dce825e8c6d52d',24584),(297,'user_295@example.com','8f9828ae468c1beb7da1ee2ffc5ad356038c85ee6a16652af6edfa12864b8c6c',25478),(298,'user_296@example.com','2a1dcb56b2414999010dde7a7b571739af0cb2bc8752ea1879132746b55b7616',53641),(299,'user_297@example.com','37c450220fa14d24a7851fdc87cbdc127adf00ad0d472f422e6bfe021bef8244',91769),(300,'user_298@example.com','1a51838647377aa7df0ed2f23cc119f9048a06d903a9f84b3d8185c3ecbb2dbe',97921),(301,'user_299@example.com','1eb9c9ea3d95c5ce5b9555182db48dc685d3cb398cfb8f34c8900f73d62a5120',14297),(302,'user_300@example.com','1cb63763c82085113ce5b969c5301a32092771de4fa4dcd58f36aabed3017a5d',77723),(303,'user_301@example.com','8b951703513e24e089c76ae2d139c803cd0034a5f210313f27573c56b68c6e3e',45724),(304,'user_302@example.com','b1b3cfacbe5d88402d9d6c1008bd44ad4f04e42931056b5e6fe6eb1c98b8d30e',95450),(305,'user_303@example.com','0de008b963e2e60bf07ee80ff3f597855be2ad02a5a9b782a351ecf3d71a8974',40078),(306,'user_304@example.com','4a8c3a580c4415123bd23f5a44c1e2a401f2e6ccfd365f9922c06e02774e50d7',14041),(307,'user_305@example.com','7e70a0177ed014f8a2035a0c3006576f0c6fb4b296b1092e6d227a5e34fdbf88',49970),(308,'user_306@example.com','a699aac71453b3522f2af8ec47c1a348b4e0fbc1f6134c7c10f2f791eee367b1',7727),(309,'user_307@example.com','3df71fbf87361f0eac0d0076e0ef95783c244f5596f232b5a75217139c52f1d6',88726),(310,'user_308@example.com','4606acbe659618726366914da58b5dc26dd37238a9480ce7abf186592653772b',20450),(311,'user_309@example.com','ac0272fdd93c2d4a5a26c166e6bc57a1cbf8938296fd3d60c62982d671ca9bb7',36071),(312,'user_310@example.com','0d930b1c2f86ed8ce1dd318de9e80a5aa7dc4f08e1d26999eef4b4512e697261',19007),(313,'user_311@example.com','d981f66bb198322cc6500d7cb22bde9f16e50493a5737958037c18c35e909fe3',86820),(314,'user_312@example.com','34360eeb9c3e4ac7c056b64169bcf3d856cd9202314470b5f471e2a711d98266',77081),(315,'user_313@example.com','6b0e0cd5143e293d3f4d78d9f360e270ded783cd11fffc146efaa948c379622f',24946),(316,'user_314@example.com','401eb9d5fcbd6d78015e84112b1b6e88ab370c9d05dabfffd27a292c4abbdc53',93486),(317,'user_315@example.com','cc972be8ea5d4b774f67a4149513bf1d92d1e766c95e1ca22848838223959304',92590),(318,'user_316@example.com','db2f7b006386763d1a5e883cb2336d597d133a68baa15e03cca8de4cdc9a2b8a',82491),(319,'user_317@example.com','1b1267ddb5ba6e3634aaa1631567d9a562f71adc820c498a1b8151c4e720a3c4',34687),(320,'user_318@example.com','348a67f00d2bfde851312cd20886f3b07dfd9a2035326470d54e89a695fad407',25961),(321,'user_319@example.com','c9152d52be4dbf0d504368269eb8e1910d5c390f4ab532ba4ae6224c67010386',25745),(322,'user_320@example.com','14a1f6e659237cb808a7f1d7d53d0bc9f57965e1cb23acb13db181aeef1e6cf0',50844),(323,'user_321@example.com','94ea486a7b27be0b8d7dcd146b64466c8327f841122b1d205dbd928fd6158004',76981),(324,'user_322@example.com','c1ebf3e739a2f5eafd49aa3130aa76837b47050dd16daeb01fc4f1df27049e1d',32376),(325,'user_323@example.com','0c5d49f27d1fc6debc799ba14139e3b5dc6273cb6251b1fe55a4ccf39ec22313',30937),(326,'user_324@example.com','39e77da9352262f760c16056653b2f44f841b3e73c67f8f4a30ab3448ac35f0e',57558),(327,'user_325@example.com','e51b7dc551c0709a8b9045410c55a7f67955f5ff7a34872fe967c2c0759a229a',94979),(328,'user_326@example.com','414cc2c17c8ff701b7a7b4a3b0c903460325746193fbe02285c2c1cfd5ab4451',2220),(329,'user_327@example.com','62e261b71dc623d0e8a82182d534ac28472beeb497340d5f076ceaf0b6b676d5',26165),(330,'user_328@example.com','6b08c693b182605515102bbf7131027098960892c05249679a161d782112d894',24164),(331,'user_329@example.com','d02ca4c81c7907e69589a4532ba5574f6dca2925ad8cbfc0d3f1d1ee46fc96f9',42325),(332,'user_330@example.com','75e04b0b988ac782071e30868d2b536d8882fe739aff190ca29299f4bcd3db67',39132),(333,'user_331@example.com','8cde9e83d20cd88e764325b728a27d448c803c576629e77430ff6c149c5ac572',68687),(334,'user_332@example.com','c09e44e846fc89ba66beac36c1434d2c14d0018a442aa831b8c71fde8e0b9e24',26036),(335,'user_333@example.com','546e1d3da1bc804a8e4361e964219db204f00809e4293a536eab8d9a48cb4b0a',24122),(336,'user_334@example.com','1fe518fce176037e3fc9d4a7bc91040326142cf8441e0e2d8d3d278036b4df23',42499),(337,'user_335@example.com','6c8b44548022a633818fd8ed8f264d1f8f0545f13985d3a429780466c1336f2d',40132),(338,'user_336@example.com','0a777c43b7aac6dd837ca1f901a10820d3657ac8b63358c57a1f2e8841dbfa2e',73161),(339,'user_337@example.com','00e02f1427f2ec379e31a0c3df3f1c88dd3635bd394b9be8c56b1f0990a7ef3f',45408),(340,'user_338@example.com','6d4f6064e9e75727a52f3c275c3dfafca7d784a77b488d00e66066a2e39c6da9',7557),(341,'user_339@example.com','64526985e3c3330aeb00792385d4fd7a29c768b3274e058023f63fead4a82457',1564),(342,'user_340@example.com','7f1be7187ec04bbc5528f2bd06c1e54d94a32a1ff5bf2b09061328dff76b00d9',85147),(343,'user_341@example.com','d72240acb37b18d5b6e21d52544ca6c65c79f702e257f6b55ee0f33a1e02a52d',21043),(344,'user_342@example.com','23ad5b864505a674ba03649167798e86acf95bf5d670d781e763bd212060913f',49773),(345,'user_343@example.com','84afae5bc16247b80096cb802aac019631e7f87d34aa3699ef9d117e22dc3e5e',85738),(346,'user_344@example.com','26b8ed6951a1bc0f4fa52dc493829d979eb5108817a3e1581c142fef5e2ef161',79371),(347,'user_345@example.com','2e0ac8561b32f88cb1e98c3f04767cde25045fabc2664729b73114e14a6d5b8a',39642),(348,'user_346@example.com','c3776746e3cf6aaa173aff98acc3784aefdd35a8a3121ac2d74e000b8bb78c3b',60096),(349,'user_347@example.com','a48dbe4ea125954efbaf4a989e3b5ffe4bc38c8a534af0dd287de5f78dd1c5c4',81554),(350,'user_348@example.com','c722fb8e5ecadd163f733830f8709d27383a52a7543ab8829a36c3593ba5f39a',27483),(351,'user_349@example.com','34bdd1b6334c2431ccfa305a95904bc8e52b75fee94ad303646415e2a2255d50',92751),(352,'user_350@example.com','cc7d8a195da29ecbe278f7cf703ec18f4b4a3d36d747de57429c1c869b196958',81307),(353,'user_351@example.com','87e2c9e26a1a2b966503f6a191d759cb3a721b5a82136225f7fdb4b5b17dcadf',28282),(354,'user_352@example.com','dd0b6c255cb47eac67a6a559080794c3b8a15078bdd6133515c15f1951d59b9b',97489),(355,'user_353@example.com','243e31752a3530a7e303196d5bb0e3a3fbe72d7a24e4ff57fb0b8a0979ecb836',2598),(356,'user_354@example.com','c4a4b5448eb45e9f84d9146486278abb5a3109ac5cd6615d15946ecf0c624140',20525),(357,'user_355@example.com','00f1ed739f381b612726fb8dc9d8e10e1e90ac8461b2d09ff680e7cb09cc00f2',94829),(358,'user_356@example.com','fe70bec085547ff4e8b1675196f708e85bf0dcaa9ef1949dacec2df7bbe74afd',12572),(359,'user_357@example.com','dba49d2c11d0d09311fe381eb0f2c630e48445157eda1bbcd24cf91d941235c2',78373),(360,'user_358@example.com','8e4fd72f0e1fc8f3e4974481091cf9e12a2433c57230d6aca035f55a4e4c5291',54148),(361,'user_359@example.com','ba73811ee0a9cce37287aed0f5dad52c42bf6dd1455b00dafc455c10fc33ef53',35622),(362,'user_360@example.com','7234fb1b8300cc71ea44c9ce9aa0e4cc92400b0a26016c9d5f2a987d9518eddc',15666),(363,'user_361@example.com','5df768b3bf180c537e129a9915d03584ce43cc93b1f4d81b8037f0990c3cfe5d',71462),(364,'user_362@example.com','f1e2b8aca72473fb40cc8f743a59dbfa0b67d1dad43aebc317f2271c39224724',10313),(365,'user_363@example.com','6ebc8c94aa583fab0beceba2925ee1a7c2db2f89c773f37185b923245a0fd4a0',37178),(366,'user_364@example.com','5a4507f71d5069ee8175237eb466eae7f412e9d1ddfd52cfec48279dcf127105',54951),(367,'user_365@example.com','beb1e0fde525b93e2d0d7f83d026ce81044f7563f6947b11b2ff9749d897ef0f',63220),(368,'user_366@example.com','c1fa95129056b149d579d66ea00acbe3e85681de834a3ad6ec072ee9f23b084d',51247),(369,'user_367@example.com','11b6cb6da7f5187b7d4702ab8417ae04c37c8a6a13468b34334fe2548df8f987',66575),(370,'user_368@example.com','ff376271b47088d47eed9dad2ad62073edd2fd2e86605b2c1b359fb42b89469a',79133),(371,'user_369@example.com','1c8b35690c9468221de97a5bee1738c4f7300305506fa0f58dd55059b8cb885e',95942),(372,'user_370@example.com','cc86f0f585ebf7fda92bde880a1359d2b9a5ba33da28cb8578b0e163a2975d34',42312),(373,'user_371@example.com','e776fdd4199493268d0a786baa42df360d5940afa40cccef20284e1295a49e2c',23734),(374,'user_372@example.com','bdaff19fef44d9ea8a724f1baf63c70b63eb5ec70727f54f5a52338feac45f52',91734),(375,'user_373@example.com','f53213dae9a7f7bf6f20e11049f5834ad8f1855e3bc91cd27fb8b7d3a2634371',87466),(376,'user_374@example.com','bdb40a95a1e497a4be103925f436490dca98911b75463c1f50bbf5796ad808e5',62128),(377,'user_375@example.com','6fdbae8bb7b225080d0027500dce219141d2d4a09665d06ac92cda55512963e2',48242),(378,'user_376@example.com','73e73635c6e3fb0413d3ea65589566e496021163e27d7d4fa17399ba01979e69',54825),(379,'user_377@example.com','8059bc79390dc26d246b82d03395c1e2cc5027476d66db5681f8e2832f8de79a',29401),(380,'user_378@example.com','7333c4a98a62053b025ed969fd6996a9619aed2e1a4d09f60741b639b5e69234',82529),(381,'user_379@example.com','febe5cbbd419662c9ae6db83b5879723fe98993c87949e5065a5d839698faa00',24441),(382,'user_380@example.com','9ce51c4f320a74023145740f67cf155cb2f665fb0e0b4340c120954e92aa07f8',74617),(383,'user_381@example.com','29ea34d2c32afa7b847b81a5f05b2e749d01931978fe0d9278887c6efc3a11fc',99764),(384,'user_382@example.com','31020b8c29d3c8bc3bb85d557ad3b7abddee9a33003537c649396540ea80ab6d',74969),(385,'user_383@example.com','b65723f4bb14098770c28fef15b5d1cc97ed52e39489bcb8625db65cd2e9799e',75552),(386,'user_384@example.com','10a39bbc7f5cc1b16c5304f7bf17f740634385a4c39814f96e272e8752688c2f',52853),(387,'user_385@example.com','b462c8fe134f2b97ef7c87f856bbd82ef62ca1980a4b460a810404eb658d412c',37608),(388,'user_386@example.com','b81472d51cbc4ad08f1073506a99cffd580602ec9864d97a5a365cc092e622ba',29482),(389,'user_387@example.com','6427134ec821477ce44484193af35acd9414b74d572de057379b7edd746af2f7',34587),(390,'user_388@example.com','04e8ad20ddfe7811df0c5d136e5d4673ec0c242ac623cf10617261162f5ae501',84487),(391,'user_389@example.com','995f86943e2a8924120a227fcbb3a046714079877dd57bbe337e89b70eb1530a',18675),(392,'user_390@example.com','a4ab0622abb69e7967edbe31ec554a66b4d3f64c00e9077b1c085da468914145',39916),(393,'user_391@example.com','f8b8b791fa6e0044a0cffd487732c2d513f08cbcc3628daa7e01ee1e05ffc154',43552),(394,'user_392@example.com','962c330a640c30ee187cee1f076d5bb0cc3dbcf8699093a8865ea060ba1afa2d',98014),(395,'user_393@example.com','e2f5786c9589f699f37c15de1c8ce06cfb03b08a772fde58fc6d887af3b70145',59412),(396,'user_394@example.com','e1830d9d0ddbd6b440b5a38f5a71d49658498942a05685be6588bef7d51fc9b4',3019),(397,'user_395@example.com','fc249b06d9628bdf36cb57e2b36446211849a11c505417546925e24e9c1b1c12',36859),(398,'user_396@example.com','b30e1161e7b90a8635636109277b3b73d65ee072ff69b024bee2c6d078a20659',75239),(399,'user_397@example.com','063eb955cc5f33696d1c4a9974ce7a517c8dcbde8a8a5428f4d11d8667be951b',65619),(400,'user_398@example.com','b453ad866c969ba5cbf43a8790f9232d255af69b5189f2c90785547dad4e5510',2377),(401,'user_399@example.com','bf08fc756144f08e6300755b7921abfd89d35ae3dddac551f0c848e40f08aa1d',15029),(402,'user_400@example.com','ae77b502079c54a856131fdc200b183961c0f78f40e1b5b02b2d384456d59fff',68015),(403,'user_401@example.com','b5a58926b3307c679db33c3018bed01bb989ddb13c19c4ca28988acb575cbddf',94985),(404,'user_402@example.com','3bd8a9344dbf934dea534016d5c6acce686e81f8dfce4f5e00a7ec6d5ed95062',70880),(405,'user_403@example.com','6f2259a6f324774551b3dbb1771201022ffc9157ba772868356053f30efd931a',69447),(406,'user_404@example.com','011d2174b9522589e4e9d722bda8a9f6651f39c35509047d9df961ee17fe6d1e',34592),(407,'user_405@example.com','eeb3faf6c22c1efe0eb53a66067f58f9d3396327b3a3928bdcb64549edc50fea',64622),(408,'user_406@example.com','1d69470f345f1060478ef03e3a205591bccb63805de3c7cac6d30d3bbbb4c235',19332),(409,'user_407@example.com','291983779776901eec03fb878828451489d70acbc22cfe510c1ac5629a8e3338',2793),(410,'user_408@example.com','7eb333ca57446cc54953daa7c0eb7b6980fcd0e2f0382f9a6a32aeed7f725a64',55972),(411,'user_409@example.com','c9477ef968d3c356c7c67636fe937f17239401eb9486eb998611179034281d58',71478),(412,'user_410@example.com','a5b9facb972ade996308c5d419fe4dbdb256b4319bfbbf43c3973eeba5df045d',89476),(413,'user_411@example.com','5dc7952ec137f9b6adbe5827046a371c21a894a1376671fe44d54feb0548f439',32946),(414,'user_412@example.com','5e38ef7538362892ba484d1ae29407de1fa6ed706298e304a0fc45b6b9b7267b',96301),(415,'user_413@example.com','64bd995f7d82f824aabab10d0c981a9c5167bcf07da54e31eb82e011235403e2',82668),(416,'user_414@example.com','c9de903bac36ea3120bae1c1f6b88b2dbfb95a744def4388528d8cb9c2949ace',24435),(417,'user_415@example.com','60d2c63acb6d0e925344a4a0abba949b4adcc3808a6cdfa3a6b5319689dec3c8',74172),(418,'user_416@example.com','97cc1f76c9d992c2f9307e1f311c313da2e2b850e5e2ef9b3fdc860b0d5a366f',97554),(419,'user_417@example.com','030cde04519a783deb6c02367e56910fce9338629fa79471fbd10ab6b9d6930b',65255),(420,'user_418@example.com','6159577ef7306a67435f16a8e460169b8f3394daa3fffcb14ede5515a5fd4325',33611),(421,'user_419@example.com','5dff663c52af4525dbd17826b8ccae3a56d9bcb01ff999258b78365ed8b617e1',72293),(422,'user_420@example.com','234f1cd22c455c1461fb9e88eebb6ea944a785f691addfeb0576ef991123d0cf',60630),(423,'user_421@example.com','218ff4d1644065ed286a9b88fd871cf20e9e43d39f064941094ca3be125814d4',86271),(424,'user_422@example.com','39ac87e128e236c672011f871e95d4f307d0f06b2a0aac1f499f63ce2a9d580f',49464),(425,'user_423@example.com','d11b876e1e07077403bab2173fc8865bcde32158d868e40c944b75ff951c3104',88509),(426,'user_424@example.com','afcedf1438db530ef28f8d94c3c44da036659ed531c6679da35d8fe09baaf4ce',94150),(427,'user_425@example.com','a42748d636de9c8513703a6923f3985d5728cceb586dc853a5fb35ff7d8bb2d1',5225),(428,'user_426@example.com','ab1b395ceee5e4e262fdf66d39c655d2701f598da12c3172ae79f70b2d21a697',43677),(429,'user_427@example.com','497c8981d13ddb8206957ab33425b2011a4a97a76d2f4e7ae685aebb50cfc59e',2707),(430,'user_428@example.com','5e1ec9c82d80f5eed669c306178e666f629e1f812f0005974ea4e9cf056d495d',82506),(431,'user_429@example.com','30c5b2549bea785dfe0ce10f912f697fc4f6d0a8170a4706e067b0776e4781ba',4410),(432,'user_430@example.com','c7a1141f01a60a90103f5cb77e465a56d0f2e6da505aa6732f0088b825dd9982',74531),(433,'user_431@example.com','b0de01411e7b125c9965fb99077646e5744d236af638076df2702b6210876a89',59427),(434,'user_432@example.com','f01447812e75e3136705001b2142437e4003c1fd28a00a9f13cfd848a7abd049',73539),(435,'user_433@example.com','b54187c4544305ffdf68348c37264e9473b1cc13af838f0f2e4136d5d8ff3c9b',89415),(436,'user_434@example.com','47c5c0fe5155b0807daa46f9c4b9f2580d2ace5db79b295c3520a7268c226cca',26456),(437,'user_435@example.com','3607be779a33d9345d7b270d9e706ef44c0a9a7a85916e095c36c769898b3b30',64038),(438,'user_436@example.com','eafe371e86d51726cb079bb7760ca59c750a43e72098e71e592e5539a4baa58d',40821),(439,'user_437@example.com','5f4e0ed23b1c2041edb83ef75fe452205b7b9302e33704120e4cf5ec43d2e7df',11990),(440,'user_438@example.com','abb0908c4f80fc781bb34ecde64e5b98e0a18945ae223a88c6c2e9b135807f6c',37487),(441,'user_439@example.com','4f318c2dc57f48be6983cdd2a7718e5427373dec6829f54357241a786ef628e9',51466),(442,'user_440@example.com','11309b59943523d52a334ba5a8fb7f99b08e3bcad4f653b2fbd79afbcbbef13f',44869),(443,'user_441@example.com','d9cb9779219dbe85d580442b1f68d0f1dcec1acc1de0ff7160cbf85fff2b4c2a',69948),(444,'user_442@example.com','47751c7d4d04226da8629cba17baf77c5e59ab73075d8c03955bac5ed18548fc',15133),(445,'user_443@example.com','907a1cb340369e32969420b33202e2ed16e68ed27ace6d318bf59f84b8bdb32b',65821),(446,'user_444@example.com','013aac567c241487efcddb4e4ea34e90dc1e71600fb254d383c7bd1ba2706596',83706),(447,'user_445@example.com','13f24ef1856aa2879508c4255ba754e0448f37d7515ec23540e790b642e1d909',21066),(448,'user_446@example.com','448591c887fc5aae42647b5a8b4e081d3c6600ea532cda823efd6af53f6bd656',54212),(449,'user_447@example.com','f39a89d960b302b471b089cc2d42e7ddfbcb5f89c346406b9fc09c49cf7257b6',7863),(450,'user_448@example.com','7b97c3f94d4575ae3ce588e432c060c48bbef1dcae9195887d91375c0a0fdd33',76680),(451,'user_449@example.com','20141061cd2161785ed9e19b8e6c613a15a0a3d9c7507431f179487e26fa56a8',59810),(452,'user_450@example.com','a1cc153ba59f85703f00bb4240b435e54142daf70d41e08c9fd359e145857afc',69011),(453,'user_451@example.com','1767e7b3d52ad77db6681276f103f1798c5eb87074b9b047ffc6bc144efbb191',65625),(454,'user_452@example.com','7c409ae3d03bfd9aa5536b49f43120af9338499666796e82e6c85b926ef576f0',21090),(455,'user_453@example.com','ddd99d40e52dc3678f39220028ce97cebbe7a9ffc9eadb31b5ee36026783c945',8577),(456,'user_454@example.com','78a58da51b47a5e2fdda2dc22a3c2dbe731c289ed0d403d6bfc320538105f308',79612),(457,'user_455@example.com','3300be87a088ca5c0ae41acbc49938533a5ad3d9b06ce696f57e1228d686dce4',72333),(458,'user_456@example.com','2755192d31d06f9b59ae39ab5bf5e459174b55fdafd7c4f85a2f7e622820f3b8',22826),(459,'user_457@example.com','ffc50cf7d8409b4a0b58a48e532eda7c952554ddcf48e50fc54087b9a867ea80',97132),(460,'user_458@example.com','fc68b55ba2eb29a007e6df126a9625c29f264149777ca78af78515bd775f19e4',17182),(461,'user_459@example.com','d5a7433e63c52d373581b5e064c0b54c40000c97d2b9715d2a6bec0019edefd8',94513),(462,'user_460@example.com','0226ecf9b35bedf3faa35181617b8100743899cf99a1745d4b67ed8cf3c95627',21021),(463,'user_461@example.com','12e621183812ca9b647e8f40d438d85d36afd50f9ac713eb3272bc2d2b8f5017',21565),(464,'user_462@example.com','6fe874c004ef59b175ddef8ddb712b096a51e76c97da7bc95244e640f194a558',44763),(465,'user_463@example.com','e8bb4047bb3cac5e2db4a22575595b4929fdc5e1def1c5116079c513cefae883',59118),(466,'user_464@example.com','97eeaa44204e21c1983fb6d6e02b28d948fafeb9f27dff50e4d303ebb845d0e8',61300),(467,'user_465@example.com','0f4874c159bea30f3ece0d01673258ac9421a51d4ff4f79d566c85c8d7aef94d',29147),(468,'user_466@example.com','d38d360f1308f1fd11baa7ed532c82b867b9b11ada3b556775eaed3bca3e5dcd',61835),(469,'user_467@example.com','1dabe879b2cca378b33a0a97b6364c52f9133a2da5d5a2e33604cefd228de72b',21735),(470,'user_468@example.com','0e0b205ce19088c526644d9ee3f2720a113c6f618a7da134235f8f5974e0ffc4',23168),(471,'user_469@example.com','99466c453d439bd949522bd1e24da3e1c39595f7b6a57af2e062ca90e75b4e50',50638),(472,'user_470@example.com','391ed73c5bc449d2330098aff15a2c6387a1d58b9d2b13cd4bfee4b10c989c51',83684),(473,'user_471@example.com','4eb088abc88f27d8b776c9628e6f2214ee36894fb3d556552d3e477877ad1fae',66506),(474,'user_472@example.com','3fe29d78694feaa187277ff36713cea8c9195fe0b0f7b3ac5512e20128e5b557',81480),(475,'user_473@example.com','5e28d0483c4eb22fba0ab1dbc7af63c88edfc6b9e23a3b3a4cdea29cef5f5632',7883),(476,'user_474@example.com','6a2ad8f8593baa945a55419def8820cfc313dd5b450b131f824054505f95ab35',94972),(477,'user_475@example.com','9f95cdc8edc67ff2443ee990014a30797c0b1284350b58f7fb9922827e125f50',51210),(478,'user_476@example.com','c283633aeaf283b0eeb9d5c6fa43fd96529df6436d436f89023fbfb1ef759ba4',71136),(479,'user_477@example.com','1371ec36c05b9bcdd91ac3b5ddb4626e87ac5378d5f9fc403ce28fe1c7d6c017',2049),(480,'user_478@example.com','b7bb29b7e5d56a8d9369ecdd78f199e88fc29c5211f582bc371ed2edd8c5c994',96837),(481,'user_479@example.com','4a75107f3ff555fe8f5e03a294ce6ee8d9e6960d2e283a8c0d05c71f1d3d521b',78037),(482,'user_480@example.com','d26696ccf4d8dbb2eb6fed85e33101f760d3cceb91412f0c3e76cfa432925ca3',99676),(483,'user_481@example.com','e79b0ce030c71bd09d32cff6a54b17f1a56729d304a80ee344c4badaa5f5659c',64269),(484,'user_482@example.com','5b3bc7c4ca4a3a7c8f29e84b42571107957eb1f4a562430c32e04af1bd7a4e39',22315),(485,'user_483@example.com','76dbed4ef5a8dc36e65b34ae0e7e05450b01eaf577c52af87ebb76c90c32dad3',18767),(486,'user_484@example.com','01371d794a2015add4f88abb00d45114cf8b74b18d87f4b4204b6c8cccd80d27',26893),(487,'user_485@example.com','97261d6d0396af997a13c6603ba68a5386f9ec689463cb8959ba23fd0cbb881b',78162),(488,'user_486@example.com','9253a2c1305cb5b84451fe7fe7db7032ae2748a3fdcac8c1781dbb94850ceb66',10131),(489,'user_487@example.com','8c28370879a4732ff6f81739645576771381490d62decb14f3911a7c27c7a4da',16170),(490,'user_488@example.com','890ba1e74d05c288e91454e3e92e7b88ed388e9ca33e720d2cc84bd164868503',50457),(491,'user_489@example.com','ad592c450f956cc8c1657ec78ff5dd7903b09f15eed21f80742803c3073c3d7a',3774),(492,'user_490@example.com','e807681b31558d215255d83703f564ba139066e7153ad39505e1806df09de330',67501),(493,'user_491@example.com','6352280351db96b913a8dadf29c925cac01ee5df54ea10caf8e2521912c12097',26180),(494,'user_492@example.com','afecf72fa434306a3b5cd2ae104949d7a2d6c9fbe2b9a21f524844f4fe4e3b55',28398),(495,'user_493@example.com','de00c34f4f0f098a888894ef84caf96fa95608bcd48533db701f6c6347316f38',63451),(496,'user_494@example.com','d07ecf72724991925f508b8010f95c6ee5d1a102d786f0397835c05f907f251f',32060),(497,'user_495@example.com','e9563bdcf35394220b3e6a9eca6c4918576d46d1c025e50206201029a9eb360d',69949),(498,'user_496@example.com','42bd731dd7ad83742641d13660bd123b30fb85e8e9eadd9b5c9fa6c88b88e05c',53564),(499,'user_497@example.com','c7b607deceef730e1ace0f0dff7992bd4b1a65ca23c64dbe5ec1ff8709e351d7',57971),(500,'user_498@example.com','edb75c3378000bfa0dec02ce85ac17fc936b2f6c9e8b5ee28aa2951447a181ae',29163),(501,'user_499@example.com','599cae876c397fc198f5cfe8ff6373b7d29b6c78e7ca8d355dc8baad525c8684',71904),(502,'user_500@example.com','e136d64570d8017d296acaaba00592a59bf531c967cf90ed389ead924596cd9a',72032),(503,'user_501@example.com','19fea0fc92d9015057f706b5a46f51f751d8b9c04dc63d65a1e258c12cd3198e',44446),(504,'user_502@example.com','44285878bedf8c0473605cb31d4892b1468813410c2bb26ea148e30f39cd03d2',6133),(505,'user_503@example.com','011534f7fac7607199cfd95ccef831be0bd18e696912c3f49b9eca7eaee4fece',97327),(506,'user_504@example.com','0d606cc8ca099b12765d0f585bd7703595db854178f51d6d2a89550a320b36f6',68235),(507,'user_505@example.com','941166caa7f84c2a2e7c8a470f2e6400d01c3419c74a98763b3bfcef9d675954',49196),(508,'user_506@example.com','f32ca4e0a4084a0adb8b551d4fcb517b2a8b5515d6ba4da47f6711391c44fbd4',41275),(509,'user_507@example.com','6ae8c47dee41f8d5b8befca2be45f6dbd9c15329dbcb57927591603b92517793',58787),(510,'user_508@example.com','12c3c29f33c83c2a8c48d9d62e4c9faec565e25ea34d4a82d911ba46747ebffa',70110),(511,'user_509@example.com','a99c984d660fae80ae4517fe8ac2f3f2690e83d361cfce96e0355b9a967961ba',74189),(512,'user_510@example.com','df11b5a899f37ecc8fd2017cb6e65b5574e3d30d1d114ff2fa4e57c28deb3ba6',60616),(513,'user_511@example.com','070c936c9133c7d3d710d7ac8c72ecd864427cbf0d8c2e3a05bda72acfb599b5',80511),(514,'user_512@example.com','ce8ac74053874f846a0e23f09b8994a52b6095ef49c4adb18ab2479f0914ae3f',20709),(515,'user_513@example.com','c2543759a3e695c807ec6fc617f1980cbafad075168da96039065ec0ca2b0e11',62012),(516,'user_514@example.com','d68fd93f2f5ee61155ec5ad09cb99cc9741df2a764268da96569629389913179',47932),(517,'user_515@example.com','c734e93a12b186a6db70067acb2ab09c121bddb312bb0eb37eda7eb7d67cd381',53623),(518,'user_516@example.com','ad00ff668c177d8726919e5eef6c73ab648777b78f95fd63ad48e73d9bec94c5',24320),(519,'user_517@example.com','799eded404b502dc3b7895006cecbf311576c5e8c5a805a2c487b30348777284',60729),(520,'user_518@example.com','0e62b98acd7afa9d0ddb7f7b0412f9b232c5a512ecb84f2e464205f867a1017d',30686),(521,'user_519@example.com','f0875652e4782159750eb327044d44d0853b2d2f316a7843d52811281a1cd76b',71241),(522,'user_520@example.com','417d32ab33bfb45197eac117c7c7c816c99044828bd46c672d639b36ddc6e76f',64150),(523,'user_521@example.com','3bb63369b204e6f4ba7a5f0ec7f3813c6ebc74689398edf1681f088b167bd9a4',7025),(524,'user_522@example.com','eadc88269d27ceeb3ca8bb11a6a4ec9cab243e0ba9dc86eca26d52a3cd17843b',42678),(525,'user_523@example.com','42f1df6c603a4b9894485bec68f730f66bd7eda20e7ea08a2b752af628235ed4',92312),(526,'user_524@example.com','326e79d41a7f5119a87e4a3b1fdf5ab2dcf5be1d5b059520c2118388e8a52615',33528),(527,'user_525@example.com','3e7445fb67d635a40a9a5b5ecee50d7188c0edffcb1cf2b84b4788a10ae5a89c',90705),(528,'user_526@example.com','263ef8a2c26304f93082b60e7d92489c2c6bd343e6e119b2df48159e998ea1f9',52939),(529,'user_527@example.com','63a32b525487e6b95ec647470c8796bbb603dda4f58ec9ffa81236df12d4258e',92580),(530,'user_528@example.com','6104ee1ca35324c42fbcf894f61d5b7e0873a83ce8904d4fc3a5ba9c32577f08',4083),(531,'user_529@example.com','190a29cba7f7e1ef51470dbebbfed388af021eb8b32431f3060922d3bf75aad4',42674),(532,'user_530@example.com','3d2dc67a5ba43903e827141042e978c3b50169083283e9506486663ad78d9bcf',1120),(533,'user_531@example.com','5226b35bff53880a3105a3c35612a30baaf5347eb64beef826c1935a6a76ec88',77581),(534,'user_532@example.com','5f9bae9580dbabbc547e98aa3758df9e756956dc107afaa3df84566a6abe96f7',84543),(535,'user_533@example.com','82cf82fd6ab182d341f9a13afad3eb719021d3c902453ab0c4045fba16e8076f',89972),(536,'user_534@example.com','703317dc313a019ded4ee1e951bc9fce34a7c11e5390d84acb8a928f6700a43f',96231),(537,'user_535@example.com','f1848d648743a03bd8e155a68d4bf3367eac3442fcf9896123e6e374a1d9962b',11240),(538,'user_536@example.com','faec873efa054c5b631cd693b5c927d5cbf2e1586ed1fd9879cf9ba1be58ae92',67505),(539,'user_537@example.com','5efed60926631e043dc514917c74cee751e63f4d8c4228dc3d3c5f0e4263c397',3808),(540,'user_538@example.com','60ef5b3401173c638da7950b241df8e355ddcf5696a41b9901daccd636320ce5',16523),(541,'user_539@example.com','daacfa81b9c020b91cb990adbca5087a53474fcc5829f0cc65f1b34d3b7ed311',71190),(542,'user_540@example.com','3b6cf3ff310035e9c0fe0eb897b3d066d0501af9544d257a2919b805d3f42f6b',6384),(543,'user_541@example.com','fd04e5887c08f816eeabb7dabf2d462e2e367cac8e5bf486282369d42c2f7576',18347),(544,'user_542@example.com','202d678972fda6cf91b3de14558b080783e6e484f0da446a427ee40c854cfa87',72584),(545,'user_543@example.com','b00c1d1765d94c63c27380124da1d493e4ad678a05bac0bf89fc1e61e34aa7fe',7880),(546,'user_544@example.com','736981ac8f506c27556b6feb9177d76ff8ccceea1978e0216686fea64360f490',21648),(547,'user_545@example.com','f801b99220a86c9cc69ac2635fad67ec4ca2cf59d81e0faa29aa9d07eceaffcc',84598),(548,'user_546@example.com','f8089103313ed75f285e016c85a199870ca8ae1807d7c5712a3de51c2d441c88',58048),(549,'user_547@example.com','9815aed8c70fbe64b74774214ceea67ea1b6d8dc64567133f73975bb9cd58044',36447),(550,'user_548@example.com','276cade6a14bdeced944c6929de83addb85db7bdb8a83feeab4fa6a3c2301768',8092),(551,'user_549@example.com','ae8ce2b018cc09cf4afdd19f0309ce74c45bfde42c819011786a450508f15414',31117),(552,'user_550@example.com','4bf6496dd76d9900cb35faeb9bedcbab34348a2eedfd78619c47bfd74f7b3659',31309),(553,'user_551@example.com','048d41c9964c9c087d281e07edc04e440a1bf37a11001a5788f5056fb50a9c13',63195),(554,'user_552@example.com','866d3278fb5f25132f75629542b23439719bddddbdf7bb64dc84c59277c7cc06',22045),(555,'user_553@example.com','129efe12b9290bf31ae69e399fa7f4db20a891822bbfc73d90aa7f9d03a009e8',20644),(556,'user_554@example.com','67512a24bc42e2113bc91c077c2ead2f8bed444a6a2241fa8bb68887d6567863',37082),(557,'user_555@example.com','5327ce324618179f44d5c8242d0a51beaaed7bbbba0ff995d26740e187d6c13c',23481),(558,'user_556@example.com','f8ff1cd13910874700846eb9ef0326b8290bb79794d8838b49939f9d58c7d9ee',6157),(559,'user_557@example.com','ee349d9f339904b3eafe0239e64e2772f7ec054003c2ec43d96d20ad35b5f7bc',60344),(560,'user_558@example.com','3d57d5dee96449397b606eb98911260ddde443c644edb504b1c15be38c9e680d',83247),(561,'user_559@example.com','9e7020252b869baae001b13cf54150d1fcb89617cae74d841f16cc1816f2a561',35203),(562,'user_560@example.com','036ff8ace0935c559241ec75e3c13edaa0a06dc8a8a6683a3bca04fb43cfac22',26274),(563,'user_561@example.com','c78a488c9730159c85dad122133fbc6883a90bd63e76814f5fc09224260049e9',25759),(564,'user_562@example.com','f7403a42432627234fbf92d700ca4441d6bfb7ff773bbc1a3c63b8c8d989bf98',49975),(565,'user_563@example.com','0ec742b320f49524c9db4f1eba2009f41a0b06d79640a30acafc942a77ec2726',72599),(566,'user_564@example.com','c9cd11279b7a840e1c899c37a0d2c8171950d001fccd678ac2c6e541e2dcd55d',13069),(567,'user_565@example.com','7e311d961cd28df20e6709410df2cb819b3ddd8c3a4f2a4736184949faa29cc6',47547),(568,'user_566@example.com','3e02f56cfa065c3f58ae8794bed16979f1f46c4d4472b1687bbf883349f4aaae',98527),(569,'user_567@example.com','b43bd3f15f9a9e2e28b8335e84bf8de0fc3e6de2b54e27a640278b9af27b33ee',49996),(570,'user_568@example.com','8487bef61373bcef928a4900183dd9d9de89375d7fc4a4f9f481b24b4102ee2e',54400),(571,'user_569@example.com','659166a544bbdae964b9216fcda471eb90ceb2f9eb9a1904eaddd5d37432c67d',22009),(572,'user_570@example.com','486e56cc8a3d4a55738fd1fe3321087f13667a35821b8c6e9c49ed38d962c747',46847),(573,'user_571@example.com','0a80f0919f67a1354eeb635457171110583f8bf56e395434f4fdca4253c07d4f',68206),(574,'user_572@example.com','322ad03c838ac36643ba7fff826d2d8cfcd04b0fabb1ce25140e9c9286bc458f',490),(575,'user_573@example.com','a2b4f5785b0f87cc8931b6546ad3e7a65de654e87b0f3baa2acbc7290f704176',97833),(576,'user_574@example.com','f9d9343bb7d357227e7707b3f8215f0ab5e81d6784e6912172633bbe8349e190',87694),(577,'user_575@example.com','8efd3392e0156f0739c633465026bd83b598e5748d1c3a0f5d9dca4db00e1585',44970),(578,'user_576@example.com','5d960b187b7bb839efc8cf0d94651779f5a21c4f71875dacb09830c2f1d2b8e3',61770),(579,'user_577@example.com','fd613070c521bf476c2d95fd5671929af7b74a4d2e205621516f504f8bcb4a8a',73940),(580,'user_578@example.com','28ef69613bc48a9a92415f92480f51e2ddaffac83166202ea12f03e09e93f52f',84391),(581,'user_579@example.com','59fc230bc001d26cb322e8e9a24994c4b2f2bc09edc07513a6c5046499edddad',134),(582,'user_580@example.com','e83e5e9cd095d33c09b2982193615515baa276408f84e755d0d8aeb4c15e39d6',47498),(583,'user_581@example.com','064a8793f3819440e175bb92b88a3d50edd817307bdb7ef33cb7748b7594c2c4',37087),(584,'user_582@example.com','1379c885e984bd25a2928555cee4fc57fd6d15527e108d376e341236b3cb8734',42941),(585,'user_583@example.com','6fe3c416bf46cca9778980128a8723260ef7687e6aa01d6f87c61be738930b58',3444),(586,'user_584@example.com','d7c1e80f4bc656a2fd768f9b4c299e20018f4d2e2aac98c0a06f30352a514a69',88398),(587,'user_585@example.com','3875686905f10c05dc0e7f7db8e76d43ea937955acf2102a4a4205bd47f30b14',31655),(588,'user_586@example.com','3c7d18e258635b8221b5b09893d461af0cc5ddb9508b0dbe573e27a83ba74f64',93084),(589,'user_587@example.com','b8c66f3e3958b4d95f6f2052069d7b3933ebc0722ac6284d938c85a0d066a90b',70453),(590,'user_588@example.com','13cba9f00a1164f2e8eb385126c85e726f8cba8fed36531377d083b730f30014',73014),(591,'user_589@example.com','faf001fb0640def257aa24f9dbc40e669e4a3bc8d6aaf0e62e5a4e11e9bbfb32',53709),(592,'user_590@example.com','62471faf7be0f02e38d61d00ad9bea7bf7ff7c7a24fec76ba74f64dce2e1969f',49506),(593,'user_591@example.com','1c3c5d79c76828f4f831022a361e11a93c68d82c25cfface3adfc05f44090169',86403),(594,'user_592@example.com','0417d2cfb83bb4b627ebe68d401b35c0ef747d4107ea180270eedff8521daa54',83497),(595,'user_593@example.com','3e67b0a8767839afc0be304ee9d63b571e92c0558a2d57693c25d4229afc2abc',58277),(596,'user_594@example.com','d826d56f686ad0f355bf19b828622b8f2aa3610c2ccc234a5a420cb4cceae215',40893),(597,'user_595@example.com','3918c79e3c8404bd8052679c3492d13a0519c7cd69fb3fc7152f21aac8695f87',29635),(598,'user_596@example.com','cdf22a006638e72982d24a66ea62a2d2693c2c3162170d6bbd7ac7ecac7b6899',25497),(599,'user_597@example.com','604cfb1fb041aef028ce20e06503886f90e95a64e8b792b548209a3bf2543ced',38579),(600,'user_598@example.com','217c3fd09bbadf4f16c34d620f66699be96e51aa783c9077cf6d2f66ae4e921a',16402),(601,'user_599@example.com','6a392a1bf4d6e559fc212b4d222ceed1761d019cfc5914b9f8b342351fd10f21',66276),(602,'user_600@example.com','55bd546fa2a87d83002eabe926bd220c2ea43e19e142d5f4907ae644e12ef3af',82173),(603,'user_601@example.com','49745cfcb770acfdad9d1d78b42e42b8f0b18b18f3bc4dbb9c22db25a8da7c62',12037),(604,'user_602@example.com','92dcbf9106c4cbdbae86a7299f68286c2a39048ac212e9f4c938b70ad4a66cdc',13666),(605,'user_603@example.com','0f2bd80e7764e27eac689c49f315712a17845419ac56e6d0950bba9aad75da41',32221),(606,'user_604@example.com','58f5238d6351efd4696f304b80f864b4064721e188fc26f277ffca25fcb96213',20104),(607,'user_605@example.com','557cf0c282bb4b5bfcd19623cf2bea92258d0ab605b5b1b20bee238797d1caef',3859),(608,'user_606@example.com','643e551260b60098d6b386ce62abe3571600f3f95a231dafef9b8efc91dfce66',58982),(609,'user_607@example.com','364de7a3c0795120e8b2590bd060c31f5eb6d34063049726b0f64f39aefd4825',83331),(610,'user_608@example.com','d60f5815f6b5e3ed4449a96c23881f4db39d9967cd48b43c2ae6377a3ebce7a7',39712),(611,'user_609@example.com','12ce7b064da9ce0fdd312ba112af786ab55d959d2967bcafbf414e9286b00184',48567),(612,'user_610@example.com','21ab537c43efa599d1592a8163e09081a582a8f3c38aa4cd56a50b993c89b86d',23700),(613,'user_611@example.com','aaa2cd9914761de7a3a2abc07117f726b01a5a657cfbce47581b24c692875a81',72799),(614,'user_612@example.com','ad383c9467287a701d739d3e9cc3c940e6ffb0e1229fce6d85c83336384c4a7b',92896),(615,'user_613@example.com','e4f076c0a69ddf17574ebe241f3758b140ed1e9cae62da521e04e9aa53477183',46082),(616,'user_614@example.com','184b6b657b8b945d918cfa4834bed5638eb0d5de34c40fd42a13eaa8a74cabc4',51723),(617,'user_615@example.com','6df28c49563de05d4022607309876f70761787ef25c90e19315103687f2de01a',20366),(618,'user_616@example.com','e80998ea5e2d49ee7879866d7d766b223639f4043cdc876011a0de5a35a7af6f',46664),(619,'user_617@example.com','3004dfb05123960ac62614152daf110bddb86793dcdf07ef2fc6ee5d154aaf01',72222),(620,'user_618@example.com','3640d638cbf1e7b204188c60ec2b671ae06738a8f826d3113d75e256c4cb0f15',21117),(621,'user_619@example.com','695baed21f9f771dc26298bdfdae706e5f97bb70998682a6154e492c4a9df626',88918),(622,'user_620@example.com','ebc17ce787ba0ea5e2dd282dd6fc912cba301a4f5b962ee5fee6bd8e020f257f',81241),(623,'user_621@example.com','fb26d6713b40fd6b5982a91c37821a1631c5aa93dcca533a230509c15de0325f',39449),(624,'user_622@example.com','792f1f9ee008ac290733607359c5f1a0f5cb4a83127f627678dcf0b015ceb17c',53523),(625,'user_623@example.com','5c6df420eb1ed4344a0940f2fc172edc39b5fa49d235765ebada2dca6bb88231',49268),(626,'user_624@example.com','8ba1a12e1024a88b9c843fc7d2e06026eead93ad98cf2bcbe6c6a004397499da',85769),(627,'user_625@example.com','13546fdfd94145c0eae4c663240eeadf57f5e6cf05e94b0c10905b91d10be84c',81042),(628,'user_626@example.com','dc715888ff8df53a7cf316286e5ef0a2532901c6f17a7d3ee0c768ec30681f3c',47902),(629,'user_627@example.com','7f7e54d84981ff4fae2bcae2c66cf99f641a5782405ea761d0d8a9dce8caaf59',96383),(630,'user_628@example.com','3d36114e06a477fa843285307bf3ac00343c0e21c54374345c9be4307ca505a0',38209),(631,'user_629@example.com','c79659776387b87a99dcf3afe3b36d84b8cbd169efbfeb21f2879f64ecc4e410',1898),(632,'user_630@example.com','3db922d554a82b1903b4c0a73b257bb1907866d2ca06416caf8f22a648512945',94860),(633,'user_631@example.com','0a8cc4fbf190abfa340f51cba0dd9cea4c52ef1ee4d66b2b57c61a33ec7c7c75',68609),(634,'user_632@example.com','b55f9a9b39ec1d196b16caee262254f4990a34113a48fc313d8adf76f64dfd62',58463),(635,'user_633@example.com','ef7f5f771267821ae104b17ef41d947c14a8a2e2b6a78e159b0fe9841b956079',86490),(636,'user_634@example.com','941dc8995abf7cbe1df9ee30b02a0797f2d5540d6e33b5a1fde757b774d567fe',57059),(637,'user_635@example.com','99a9f91f2b80905cbe2d895f65509d31de024832f32a066325448d20c27b234a',25826),(638,'user_636@example.com','521eaa3eedad35b51a84e3d61ecd0f3c1a99474a1f0d1d7e72b53897b0474bb5',57951),(639,'user_637@example.com','1ac1eaad0b31b298e646ba30f28c15c81d6c133dd305a633736a6d2c00283e7f',12280),(640,'user_638@example.com','9e789ce1534646397b73394eca9883e5bcf5dd78c931feb449a29cf7787b9b5b',87545),(641,'user_639@example.com','9eee5c705ee8a9a112717c9b870714bf882c4f43bd2e5917603330566a20cd8d',887),(642,'user_640@example.com','af36672e3f90034c832712331814780de9c04e56d961cd703c9908ecd2d9dd9d',41799),(643,'user_641@example.com','ed692b689a71feb4879bc6bf5da3ec8fdec5647ad496e05d85661d4f32f02100',6332),(644,'user_642@example.com','12e7f5fbbb0c69f394c5d1e99c390dcf1a445f8f3b8285e0a093956fa7679de4',6265),(645,'user_643@example.com','09f7ba78fb58fcb91a41bed5ae7bad4b25d3d83046ee25740f143abb9d950f42',12329),(646,'user_644@example.com','b72c7c26aedbdce9b7f8ccb506e0606a77c012ec279a7d174f7f71b69308ddbc',42850),(647,'user_645@example.com','785b617ce17de1688821e6c1c30b3867748b694f05b6a5ec2d5da50ca6fcaea3',77261),(648,'user_646@example.com','1a525161ce70414f8f25d0dbe7ae51e0ff6b183c793d7d65c7e7e5fef673469f',57757),(649,'user_647@example.com','f3f99c33cae6f1db914c0bb4cf25846a9e2d9a107417d2e9a73b367f418a788c',57000),(650,'user_648@example.com','9f22b47571a9fd58e8ba0d952f52a9737c0c40e862214f4a07ce526bbc90c8dd',11729),(651,'user_649@example.com','fe80c5a3cf23fafb2be756562a1e481c3535d484859b37b0805d0478f1d549e9',87647),(652,'user_650@example.com','472cac50a5c7f787e7fbf75ada7edbe04c33034d74e5f6e71c4f63494709e843',3046),(653,'user_651@example.com','20d80f26574dc4a9f0790769f51201c835a12e6d665bc254ae048a8f9fa1c547',52288),(654,'user_652@example.com','4b1ee3b8564c44363de93829dbd93adeb9f97a776e579dc35c1aa594ed1ff172',52305),(655,'user_653@example.com','1afaa78fac122654accccc35c75348bd7a3a268ba15aad00ebb1ad620a02e8cc',4662),(656,'user_654@example.com','3bc760981d3c4413bd8692f93247f9186ef77127e8340b9830bdde90f158ee23',66392),(657,'user_655@example.com','e4bb6122c551cda70d173c91ac687904ed291653d59a13ac66840cb9965d3d12',17973),(658,'user_656@example.com','389754d6915b8458dd19c2aaea329a4a86967d83c9b67253df26487138e8cb91',90692),(659,'user_657@example.com','f171c2164c5219f138a808194acf0eaaa1febfa3244622c73636cf05179d3632',99541),(660,'user_658@example.com','d4bb254b8b88d045def9753ec6d21753233d75801ac7a007060aa12671867755',25627),(661,'user_659@example.com','64f263838493f6e7ebcce8ec359b8db5ea6f8de23b559658c294da26f58d398d',29514),(662,'user_660@example.com','1af378deec9b58b981431485ac21c95c02951ef1ad3047c51a1a372d551d635e',70688),(663,'user_661@example.com','c4339fdf0565a060cbab54a9403c1db814ff874bb42b4ff943eac794cdabefa2',64900),(664,'user_662@example.com','45426205b527b307e67e02ec30eb3324992e5b779240b1385a15676538caba74',12435),(665,'user_663@example.com','b9d3007b7ec93081f844edf1ce433c1930499faa984c00c7c8b30925a23feb4c',67476),(666,'user_664@example.com','3ac75934fb0479548fa349d0419c4cc450d37d391004e3bd7fa11dc4bac91c52',74),(667,'user_665@example.com','3d1e45f0fd18c59c59c3efbda5591ac38caf1a8d17b179d4783ffb51c3059d89',97943),(668,'user_666@example.com','a5e0f98216cc6c421410e88c63fd82cd9b84b00fef4716d209c0b359018e50ff',89492),(669,'user_667@example.com','4db75881c648292aa639e237b2038df1cde664b3812553a9aaf2814bf68bdc11',53632),(670,'user_668@example.com','74c142a6c9bff5ea51ddced2e73cce9080a0a70bdc4411e44a7a020e446de0a5',99684),(671,'user_669@example.com','07b14e2da17cb1bf3abc1fd228dd58b9eec47a54ae314bc4bc21442e9138a6f6',37526),(672,'user_670@example.com','599f135af82958e34ea798795ede9caec3134b98426ed164bd7eef4e90491214',88576),(673,'user_671@example.com','7487de2dac2f3f6b056d9b8285204144fa5620dafbac193c492b936c4273a9d1',30300),(674,'user_672@example.com','a2ecbffc19a9df1c14f32ef93b308d30e698b29ce99927e61392e683b6cd926d',85776),(675,'user_673@example.com','6c651fd92612889a983af6d8f80f4529f7b2bb0c2334b6bff50e6aa2e336cb33',37976),(676,'user_674@example.com','6078c78992dca26338a4a5dfe5edd5ef17e41d42a80388df5d928da3be56b470',32555),(677,'user_675@example.com','c0122f62dc2822d72413775f08cf775d577cf0a83ee34d1918429f3e7488b54e',48847),(678,'user_676@example.com','ff92f322f77f9e05ed91e00a0d5503d1be2734ae3fb8be995edd203ac43e76b1',46568),(679,'user_677@example.com','af19389135f0cca3691244374463b2e0227c5036a777b8cd95d2ed46d4f6af0d',86298),(680,'user_678@example.com','63f488622b4a152a2a840bf63b1e65ae7e3de1c65a08e4be64bbb22b01d53bf6',91787),(681,'user_679@example.com','a58ab49c75269a49a8a4c6198021530f69133b5267663d6460fa537445db0ce3',40),(682,'user_680@example.com','11a2ec88b948fcab259e20a7aff1692f1ed47bc7e69bb60e109631d8c0043bef',24841),(683,'user_681@example.com','b027cf9be7f746edd6d42aa081ee761de1158ac51ba77072dc15f5a292458c9a',24084),(684,'user_682@example.com','fca9cfdd880a9636b0047e36d241581de843060559035b365616dd72a3522be0',45896),(685,'user_683@example.com','6d0a2c22383885afd0c9988c8f972a202d7b280992ec061e33176ced5756a24c',57230),(686,'user_684@example.com','3b00a1b7e462b764d0350f3c51c91abc580a914c78c24e718a3947dd4f6f8835',48460),(687,'user_685@example.com','2230ae87e59d4acc75f5b19fd50fd13309c0077658819b45d4211f8ce2f185d1',70610),(688,'user_686@example.com','b43b298e72f46e53a9fa4c779014af34fdce3b2eaab8f1c2ad1985d1ba109d94',7669),(689,'user_687@example.com','e44b85658a5ab603085fe84373a184211cf573b9fe737db309d19e9bb00551f0',26516),(690,'user_688@example.com','41095842c1f00acc209e3b689faf1bd5db0150fc26f29512465751245e4341b9',9571),(691,'user_689@example.com','196697961de26a8709f51e8bc7cfa33af69d28f4dc85b37e1668954b56905d7b',68309),(692,'user_690@example.com','9666f1e78ff3e63e8f015323797fa5c0dbe571b247479eb202d6beda1d51e616',12831),(693,'user_691@example.com','c72e17cc27d2efe4f076c9b0500fd39f2bb612beea9064d972f758b3a5bb70c0',59227),(694,'user_692@example.com','6db931aca1f8cef2bcda70e1b8c36f92c18e0cf5eac9920c68d60761da74ae6b',57643),(695,'user_693@example.com','0e0355f6c14b48410f0b14f5b0c881d4253301b9b4d3ec0ef31c2305ff965a78',10532),(696,'user_694@example.com','889ef61decddc89fed9699fbe15f404e2bd5e8d8e2937776e2ea4cc9d32fd819',79732),(697,'user_695@example.com','e89e211865b3500f46d67f498d9d0c905846d2472194887204d5baeb8b9c18a0',67065),(698,'user_696@example.com','92c00fbb691a835b810f7904488e6f56136aa1010c03aafb5d6f055c557c6163',96129),(699,'user_697@example.com','bc354f96c705fe04119e8912580ca3605cc4041d9751f8daf6e0c2626ebc5944',79450),(700,'user_698@example.com','176ed757ba10af38e3e95499cc403ffd93de1ede9d8c37ae002a9e3ec659f1b4',8863),(701,'user_699@example.com','5dda2ac77cb9c3a94f083cda89d825c59b78d15b8fb334a5d8b21213e7412409',5964),(702,'user_700@example.com','de956b3e8f54041b4fa1cbe133be4fcb778c328310d0c4684cedf4231d5814c0',3233),(703,'user_701@example.com','d48e137621bdf9bc588f1227004bd6eab2bb47e02a0daaf08c0668d9cc4ec6da',98272),(704,'user_702@example.com','09993425ace0d531efb8d3a718c505bd3a07766669c41ab2f4bc3705d68782be',81659),(705,'user_703@example.com','c54fcf43c3c7cac774e61a2ab9ee386a9160ac0318eb1e1075eb5623cabb9722',13481),(706,'user_704@example.com','741f72395ca16950f486fe616d11f5475a3ef6cc64ba877503f0e68b2185645b',22427),(707,'user_705@example.com','b7b61de2ad310db51ff9accca0ffd9a3b108761781b58ce829165e11edf07961',71693),(708,'user_706@example.com','c8e9fe6c642139756f7a6c4f2860b202c48285906e7e0c1fb8ca5437240dda61',91184),(709,'user_707@example.com','d9a61a5369cdbe22f1b0b3a3109d02b280a3dba6c75de6d54341767b1de9c478',40839),(710,'user_708@example.com','1a472622bfe031d7d0cdc1be8fcc9b2ad1f867c07891290118f085f0518c0a4f',30645),(711,'user_709@example.com','1b4c88e0fd7ac1d772554b59940e93ec1569380564d36d757dc99b761fb8d6fe',30708),(712,'user_710@example.com','1d098de54a4b815632f2a5e2e10876bafd05d0f76334ce55beb09f3143289a97',61603),(713,'user_711@example.com','ec03e3afd43b7739867cc9bc80b67a50c72ac5d14326d29180e80e48600988a6',15890),(714,'user_712@example.com','3ce2becfe44690cb0c53d7194d504e28b3342a2500419d12f4fc7f2bd45f8320',94643),(715,'user_713@example.com','4fa7349083961fdaaa6139affa4a7ccf77e2b3a83fb4052fac6a24912cc9c082',25544),(716,'user_714@example.com','1293f211f53272a105a268cb89fdc3ad58c5c2521ca573a58e58852cd16ba309',43792),(717,'user_715@example.com','034b9cb339b94adbd7cc2a728f46f7623671fb48b6b79017c0adfdb2306a05fe',42328),(718,'user_716@example.com','e85151ebb29c60f422808c4a3f87e47fc9a5249a58726e0a87cd71e6a14bf7c4',80265),(719,'user_717@example.com','4c4724d62a5b760113abc7f56635deca3170864b2f770027dc1eba17d394d6d0',74341),(720,'user_718@example.com','b81e2cda601edd16b1b53afea3c6114014e7c7438bc0a61709908d503031c492',30909),(721,'user_719@example.com','e6d7231f8003c3fe4f0ccfb3a888ed13d071cb02100a372f1e43575a68e3a8dd',31521),(722,'user_720@example.com','1af301eda208f423c91efb1db49186e4c7cdca7d7ec008194873568780dd6083',64878),(723,'user_721@example.com','1850ea511c281bb088dbde65a01fdfcac92265ae13922c9496df0447903649a4',29829),(724,'user_722@example.com','3f9cc07e2b144f6aff1be079879c2a08847fe4ede1d969131602426cec1a1ea5',54512),(725,'user_723@example.com','90c5494b5c54d14fac064ea8b84290fc8b9f94794358b79eda3fa77ea9436be9',83070),(726,'user_724@example.com','bba0f4b41b51e816b1dfcf7327b6f7d21e0538c87e942466942bcf60cfe975da',51814),(727,'user_725@example.com','3b4eb4382911fbe7acc7bab77faabda5a453992147387368cc8e4c4a96933f3a',9860),(728,'user_726@example.com','8975ec4eba029b52fc876eb1c83d420b22e18338bc2a0a421d95cec18a9a33f4',93858),(729,'user_727@example.com','2c91654294b06df25fab9dce20361058d5ea854b6da9ddfa444b4d349a84b6e3',39710),(730,'user_728@example.com','6c2045aa20fd33b733fee70c7ab5aa4ed8ce0c9ccb2e94ea6ff6d1a18c74c428',16978),(731,'user_729@example.com','cd169e163924a8e03b1c28b897b317915ae0cfda0424a55d3587c23dda448b2c',65758),(732,'user_730@example.com','3901ad8f1353e50cb72e47b01c6c3644a3918b0c4776a89bb9aa3d8d1fdaa9dc',77857),(733,'user_731@example.com','109a022645952cd61fcb961bab512b5724d9b6df06e1560cfbeeb5c59a21d6d7',92011),(734,'user_732@example.com','eb4acc9097a682d2192973489cc08845c8ba41ce442b2da25bb8f13b7c0a16a8',26483),(735,'user_733@example.com','68dd31f7b8dd612e426d61e060bcfe3b04160b01e17e78c9602bc1d469cdd364',56384),(736,'user_734@example.com','7e694afee8178dfa76836a4d3b5748b9a9a87cb3fb5ee77abe52b7c9eab6f1c5',2471),(737,'user_735@example.com','8433175d98f6f5983d5f313eb34931ccf8a4d985f3aea2deb45a7c5085dca7ac',43201),(738,'user_736@example.com','7bb19c487ad028362c486ee4c91a815a132fce494ce85fccc960ce8c594a604f',8592),(739,'user_737@example.com','6dcad8abec9afbe01d91d1390c510c17b4ff6812444fed49502dbcb17c1973a7',13359),(740,'user_738@example.com','8a2e320ba487cea18fc74d492a9748a25e639b30f5b6f64dfe3f6dc8496a5033',41020),(741,'user_739@example.com','90d68945c38e3d7b5dc00781bdcdcf29cc0341bef1104baaef0c0295658b2e0d',65021),(742,'user_740@example.com','277edbc7533f62afae3c6ed4117c25182ab02cbe89197d1ab31670d423da1d09',2046),(743,'user_741@example.com','a613a501b4c289a6ff423b39ff19ce8652f37292b9bc0dee66332fd3139f5713',15168),(744,'user_742@example.com','01b1c966ef0edac2699086088feb16aeb238889c801b08560e07ef5ceed6a0e7',69702),(745,'user_743@example.com','b784b75e7d893f8c7bf95425a3ec841b11e140973f84ff16188fbdacc3b8c298',3003),(746,'user_744@example.com','7ef4838e9bccc81f9b1a2a9348e57cbd9c8d6397a1bf0a7d4847d8f404844e2c',5912),(747,'user_745@example.com','98e4c11a145e4c4544a0898c0c2838bbc62bcf7b98e9f1b13137dd8c99dfb75c',20550),(748,'user_746@example.com','bcb5f7ef2b962e74cccbd9d93f4b865934e40ca7372da38a4d86cd483fecb29a',85014),(749,'user_747@example.com','2ca49baa0c74b413195b281f85b03239e042c9743ecc1d99c49601abb5766a37',63420),(750,'user_748@example.com','b7c17c06fee4804510768c83a0aad25d4e6d0d55a53bdf5749696a4e149ed7f1',62057),(751,'user_749@example.com','7fb30a6cebd7fd3674963fee215dd730a64fdabedc9755fa49bdf9ad769f355b',20024),(752,'user_750@example.com','97eef77d361cb80ff810b964257eb50fa9db43d8b1b5cf91bc2bb73a6bc097e5',13951),(753,'user_751@example.com','dbdbc9d84450cd6419e36f079fd5f72bbe1d3cccac0b528d8b6a0f0f354becdb',9682),(754,'user_752@example.com','a7a6c8871852399e370d6ec74b5e3fd3e1820c5cd68c3eb9ebfecc6014b74e8b',6558),(755,'user_753@example.com','8ba4b3ba38c4eb2ae8d9f647a709070b071753e8e763f7748a25d4191c403121',3745),(756,'user_754@example.com','1ea47deb983e25c0eb4842e9c87bd504f93b99a76f7b68644e89a897c34b1548',99051),(757,'user_755@example.com','138c036f7c4c0cdc5e1b18200bde07357cabd91658dbd6fce368b7bd3505ad98',84020),(758,'user_756@example.com','992f4bec6927e9050f28af09440c719505d013d42fc05520170927452b3327f5',22948),(759,'user_757@example.com','7b8d2e14fa787dd9328e85f7fd8688a476bd878825d882b775a64e445b000e80',62677),(760,'user_758@example.com','8bc7c9faa8b31f1c07bb9c9ae5175fb8d40e89db3f4df37deae700ddfd3123e5',44544),(761,'user_759@example.com','1c318f9b86cdcd9d23332a3c65cdc0e29debccff4c943fb68b542abb44f51ae5',34687),(762,'user_760@example.com','23e3463d12d0d301534b9507590c70c495fc77b9df8a10073d87649eeb26cdda',39806),(763,'user_761@example.com','ce159f79f5c4f62782b43e9fc823a892c4bfb5b50f325c30a50b777638ad560f',94966),(764,'user_762@example.com','17c8d8ada4ae9ef8578937d0cd8ea1734229ef7dc1188768fa79cb2f1f5537ff',55412),(765,'user_763@example.com','cd2b86bbcd02bbec6bb65c359c3eff549a9ad7be86d717ea8dc5fab97d7e799f',92164),(766,'user_764@example.com','e021775da36e34cbe4db741d2c0dd881a7f17bf3edb9c31bdb2371a845a932be',94583),(767,'user_765@example.com','042ad236d2f85d3c7eb52b2ccf08bcb1ad8298eb735ba31d7a920f773c281ec9',96425),(768,'user_766@example.com','bd1dc9164583197fc8ca5940daa221f2539e804191b4a9eca83d5b77418b17a9',98373),(769,'user_767@example.com','fd8ce6e6fdaed507d21bbac0081c83b908798fce5735c3300db60ff12690e5a2',2590),(770,'user_768@example.com','89a4a53c2935dd3dc8a95cb8f6b1354bf96fd53c437093afbd29391c9c243f9e',17832),(771,'user_769@example.com','14b341b78b80994ff28f4bd8228bbfba0851ec2eacde008331818c070c473dfd',81389),(772,'user_770@example.com','13f514be0e4a1e31a4a36a9654b40183cfc891b2a39d70d8817e904c80ce2f1c',53450),(773,'user_771@example.com','f90c3e23ce13a74e0d697e50f5e148c631dcfed7893dacfa621e109fff900cea',23085),(774,'user_772@example.com','2463f61fae3093cc0932a12e569568fadeea23b27819a674a72c13d07514dc6a',55071),(775,'user_773@example.com','3386a4e81360c512a868071e3fa2d45f48a9728d56492ea610e9a343d4380a0a',6103),(776,'user_774@example.com','5d7428a6bc89cdf1b3e73d50677a21bf746b431a376a9531bcc5e8d92485f6e8',65301),(777,'user_775@example.com','d6a9d0eced4add913f4d6fcf2551c38b8e6569221efea389299d9c3394778619',8198),(778,'user_776@example.com','2e6a5a5b3b8aad2f1a8b20051ce8e4e40aa3ce115f2f827a34771de57c16a03b',45086),(779,'user_777@example.com','caa110a629232e52055ccd17ee3eba1f7651044c46fdbb0f1994e0c71f8cede4',837),(780,'user_778@example.com','5a638937efc49bcf67548193dcaddfe23e9c38157b0b2a8737f81e36c03d2be4',68925),(781,'user_779@example.com','4c45afcc511e5ff7f177813681a2f4412c90bfdf0c2e3f1160601eb83547032e',42116),(782,'user_780@example.com','defdf702ff141052e1f9aef1376fcdb4eb4ec4bf498e5aef18f4c0a84ac7a3c4',3803),(783,'user_781@example.com','51eb38a15039583c61abbf6b76a142a1d241293a32dbca40766cc2f715a4c6a2',92670),(784,'user_782@example.com','e78f20a95dbe31a332053c147d12133ce723b6f7ff84b2669b9dc81f3717cf11',51939),(785,'user_783@example.com','693c57d615d852bc99bc4f2cfd433ed53750f87cf2589178bf8c79cc433a1c78',81686),(786,'user_784@example.com','0a010cf936a381cb4b03e4a55c36a58c0b9b30859da14da7ec13b06b1202221c',52611),(787,'user_785@example.com','17f5adf1834e2d04b0c2243ba8b8c35b7559341f82bcf066d6a6b85ba5c81d04',18000),(788,'user_786@example.com','59666a7111a4fc6c99e32aca86ccf76c4b7b216e24994103b6f93a603389ec1f',32165),(789,'user_787@example.com','f3c2df659ba7eeea15c8c813e1a28f170f333b4ad998bb0b2cd745616a2bb702',6826),(790,'user_788@example.com','f3552b10b2d542b1ab84573a231fd583a23a1da68e8a20a0eac0692bd2480a76',37633),(791,'user_789@example.com','730a4431afd45caedd060525e030dd7916fdcdea68ac12b95ced3c8079906aa4',67688),(792,'user_790@example.com','885820cd15c7d0acdca4347e23da1a73eed9d055b0faee06925f63ed617fec06',25542),(793,'user_791@example.com','e32158dd0d72fc52273ea9c99359d29afe365ac672bad6d05c9fe4069b0c1606',24646),(794,'user_792@example.com','71aa7251abcf58642cbe4d2fae752ca84b18d4ab49c5fa925c836e58b5cbca8e',46604),(795,'user_793@example.com','9557a01bdf0e4a54dcddf6c544be7e502ac6b0e0e7c1407ad7a58848a6d0e908',59081),(796,'user_794@example.com','87ce70ca46349b12a2e86b333ae37a5627f7514d837ade0ff85fbfa2de24aa21',55595),(797,'user_795@example.com','ea129af1cf90dd754f19f31bb54ff5b8b1822ab38a8e718e279de0a27c13534c',730),(798,'user_796@example.com','1a885ca6bedfe958ebe24e334f64cb82a4212f62fc40d33bc4e1166442a98f7d',36864),(799,'user_797@example.com','73f170877bd28bf84a1906dbfa86d657449a7333b78c6582e7df92166f913ecb',82133),(800,'user_798@example.com','e2c40ffff1cabd21541ff51cd4e42bea74f4484432547dcb396c84690fbf577b',71),(801,'user_799@example.com','8aeeea520a87fc95eefd38441ff52a2ebdb73a0f709d7671a0d8527183db2890',53957),(802,'user_800@example.com','d69ceedccbc288345b0d707789f34ea549585f9959eac28a79eeac97d8287e63',69572),(803,'user_801@example.com','81b4d4be50de794650c1c52c07f853ff65d356cfad315aadbc9a7c5af978565b',85989),(804,'user_802@example.com','7cf7e883910e28f0a24bf6c69ade3f9af3dada0409e99c3a9cd208e3b34a5386',21227),(805,'user_803@example.com','99f1d936949511890613a01ac9044ef7950b8d001b8f7aaf55b162fd07410397',48169),(806,'user_804@example.com','561ea5fee57f03c2976e0f02be5cfcaddfc9bab985524cd84cea9802d6a2ca45',77164),(807,'user_805@example.com','93aa13a87803d8e843d2bf384873ce23412830c5d8670123d614aaa9c0ade589',41313),(808,'user_806@example.com','cd7ea7d01ec1dc31d8e4af23106fc48924accc8064c33288872b5db47a055150',75075),(809,'user_807@example.com','b9c01af3c5e39d15a058cf606663dedf04138d7f9239bb7adc78e87c0bdb6160',51433),(810,'user_808@example.com','e13af443fd6ced5d2e1ead00548fcdbd133262478003eabf461c71c274a8b83e',31943),(811,'user_809@example.com','49ebd6344e0c72dc995f554204c408e6985c23c6653cee63d00336de19f76b72',5415),(812,'user_810@example.com','039b92c72b10bd6988739154550a8961ac805f121e343ec8f766603a6890e4b5',31246),(813,'user_811@example.com','981d7d6e2d58baa7538bfbf6fb27ab3de2e822b01524967add7293ea19c3b71b',39987),(814,'user_812@example.com','edd97e276f0cd6843d417bc8ffba9097c04354b979ae83a541e8bd79907d29d0',6195),(815,'user_813@example.com','f1a6ff5ef365853d66fe96467b26057ccf0c772f10f095dd9cb3a855cfbc671f',11014),(816,'user_814@example.com','24d71c5924d73d39aac3ee03b259e15417fbc0d5f557ecd0d3e88304fa93db2c',36484),(817,'user_815@example.com','e524c4146735dcc5fada079601c23bac161e1354571db4a7e6928fe7ae12f421',49381),(818,'user_816@example.com','fec593d89ad0251cb7ba36bf4b29913e682127c90dfc57b7f8338a2c3084ea15',37451),(819,'user_817@example.com','d34d9086bacaf4363e209ee7de1b0490693a3fa76047ad23748f07b47827a704',39112),(820,'user_818@example.com','bcad7ecf7ec5558a6b698e4cb2fd5d03e5d63154a6511bdd5a293f89dceb0315',83206),(821,'user_819@example.com','76f001488a0b00690932e880a5156b6adf909ad3d5e9359daf366ffbac9bfd11',98694),(822,'user_820@example.com','42eebb004c4a7eddb55d5f06610b8c9f6abe001a19fe1c7557e929decdcb4327',43852),(823,'user_821@example.com','6ddf68abc979f180ccd1e5df71c30031a94177d1ca9e1097f9b87444e5b6e4f5',23180),(824,'user_822@example.com','a6b6b5dc32779f79f70790ff350d098f526345d975e4d0cb03e6dbe03d0f5b1d',84343),(825,'user_823@example.com','0ce1a32fbbf7e355a54bc153427c839cbe8b4a0554057d0de9c76ec59d75a395',52173),(826,'user_824@example.com','3315cd467a77ac2900a537dd37a850e4b0e720f62a50a737d568c5fd7acc41d9',7838),(827,'user_825@example.com','c5a8903b3878d3a4ed0a34e2c27219f9f0d013c1bf4a9cdece68bcc9e28403f2',82671),(828,'user_826@example.com','aedd93315dd7a28544b3372dc63683da9c329c860efd45ca9865337708e0d14e',89842),(829,'user_827@example.com','796a227b1cf1ddb818057f16660f5204aa00d65701718f653c40b591bddcda0c',1197),(830,'user_828@example.com','389ff696361b21503caa293d0dc1869d0e4466fe4b6bf0bc908cb742a461b82c',36458),(831,'user_829@example.com','777c18de6de5f1f8a5140b6446d159dc242730030cd0dbf073ab9887748aa932',78699),(832,'user_830@example.com','cc9034316e11decf2f5538ca45f757a7e97d0f94fa6a96df5a3fadf262a2e585',84123),(833,'user_831@example.com','e98ba13cd8053037c8a8a9c1065a42c9aeb989dddaf9954b0382db50258988cd',84518),(834,'user_832@example.com','49ddbb39b1b8ec67ddbe321af7ac28afb2a2caae032b99b1771c752aa4ee89ed',70220),(835,'user_833@example.com','fdd86de39d65881d32d30a9bc1320b016d7890d767ae9ae7c2055c7ef0eebbed',97548),(836,'user_834@example.com','71da790fdaa47739e908a4b75aa43818efff518a66d72f695502a8fa00d7f00f',77077),(837,'user_835@example.com','49f2847fe2d3cc9c5a50ce24a682b9501290e25e6947f220850f6f569c5e9c35',92741),(838,'user_836@example.com','127c8d3b601281378c1955fd412684622920462608a4e2a6769b875702cc4a8e',32477),(839,'user_837@example.com','238ddfad10982ee447d6d1203010d608e3ca19077c8f15975f68f6cd84fedf07',84159),(840,'user_838@example.com','600d1ecc9f44297ec5168fcbfd3def890b720534e5c5a627cc203cde31d20112',23366),(841,'user_839@example.com','a80af7eadd24d15008deecbb92827be0206d5a26f2db35e88907f53b2e095e77',64353),(842,'user_840@example.com','7569e1eb92ad4024ab29d30f2789915694bd116a3b043128f9ac517312a5e142',51668),(843,'user_841@example.com','52b81ee0ccb681eef323a30c0c290b1c78283a5dd197491fb37da4077a98467a',65279),(844,'user_842@example.com','95b824bddd451164dd161bb78bd38135dea65d8d0aca0ef25a976e2b84c77222',71390),(845,'user_843@example.com','11a87c86c94a504e209754d6493799fac2c832ba5251831fdefb5777ce9868fa',61112),(846,'user_844@example.com','405feb293da8b53465df7dd660523e743b13fec44969ac3afc59a0d235618aa3',91393),(847,'user_845@example.com','2559680429a3b506c4058ef3b1a4191e3f876b2b1606727075226900665384fc',73627),(848,'user_846@example.com','1422addf938868e525ce5e3331212a9124c6cedba114a0bffdde52096dcd2b1c',93957),(849,'user_847@example.com','a41dc3cd95d8caf653eea5899e92601d2816bf992be00fef7e876c32066b0076',48905),(850,'user_848@example.com','a483726c8ca844def4ab636e05d933ba0c04ced69324af7d6982412fa8e7b918',62652),(851,'user_849@example.com','cac333eb933703110c99725b2f5b627fe541bac46afb546cab20d5dd9cd3f6f6',66548),(852,'user_850@example.com','b8dbfaac4b67335778dba47b3f3a693e99c0cd385a0e019a45f254c1cc48865c',44782),(853,'user_851@example.com','19c767ec5320195157dac179bcf091c8bf588b5ffa7f02c5effb0993e556cb2f',24266),(854,'user_852@example.com','f3e82e8131b0d031aec843a687f3ee955984d38c222783ac94732bef59a0bcb9',86983),(855,'user_853@example.com','af7f315c3b912ab0142431b7bbd8400c4ffe052c99065bfad0dc145176d4c9e7',62119),(856,'user_854@example.com','eac6cdbb4f4bfebc27b22a6c905edc0f957f66244d90d557ab6a1890d1362585',49645),(857,'user_855@example.com','6fb961bfee9593911c6953bb065b2e1128930aeca7cca717376bcae093bd4c7f',61870),(858,'user_856@example.com','c5a2ab387eb4145561efea3aab9c3a1d030d0b664d525c763192e9181717f718',60413),(859,'user_857@example.com','3c8246188c4f57ebde7432e021e7961edeb0a934177bd8b60e372020654a8e30',16457),(860,'user_858@example.com','2e2de8cc8a8c403f208cdf53986c1e4f938a13e0d665f7e3d6bca65d2ff429b9',1044),(861,'user_859@example.com','a283591c5d9ffdaf90f8ef74107f1169b3cf28824b9e7fcd4e93acbeb8dada5d',55850),(862,'user_860@example.com','533d78c0c3b038c07c30d488db7027262b685b81d0ac38baa968e66dbc99b467',76120),(863,'user_861@example.com','4ce772cbf3ca6ab16518ff011c559a47496219db1e9e64e0eeeaff4deb82d714',13047),(864,'user_862@example.com','6fe8bfa7b421b8c49b705a3cd76b9862b9a61350c15bdc97dbb7e67b63d5dc6b',36874),(865,'user_863@example.com','e2a6c6e65caa4028172b9ee1dd9d350377f25b20b9f238766501141898169164',45230),(866,'user_864@example.com','eb268ae2be583753bb069926be4c923a25c1024c60736020092537da87768977',15530),(867,'user_865@example.com','ecaa8789ae30ff704eb0adf2412f8616d29a9e6aa428489fce417e98104e437b',41959),(868,'user_866@example.com','e68508789247a775044352bd87c07c30b059288715456c85a21b15e56c11d581',63207),(869,'user_867@example.com','3f70189faa2f23f220e347dabb248baaf327b975f2dfc410c782a10571defdbe',90155),(870,'user_868@example.com','6b581ec4b3242ca45c751894886153a0e7047802d2edbb0c2bf6691e94d360f3',61153),(871,'user_869@example.com','b18e692b7cff78baaad1d70e6eae82fed8ac5a546f5202d8d726e4c3117093c3',35302),(872,'user_870@example.com','3ca240fb9a3752f3df3e8511ccb30a027f0f44737d6f48dd99abf2f19df880f8',93051),(873,'user_871@example.com','9a2587ba9bf3d97b6a8abe75d1318e9e3ea7e9a9351cbb74f0715e42219efc9f',59349),(874,'user_872@example.com','1ba1e49eb595914070c945aa4266aded648e85a2f743e8076ad8ef1f45c2cf6d',17592),(875,'user_873@example.com','30f9738818b773436b92ea6de9db07d0828143f3ef3a21672d1232a741188b67',9914),(876,'user_874@example.com','91548c29df37c8174ad695ef204bd8005d08930a1d48a9d962f03976cd1d7fa0',96794),(877,'user_875@example.com','eff024e4e15c3fa140ec1cc93888ebfdc089b5a4e1342a90c84c868454a17285',54226),(878,'user_876@example.com','e810aed47729e0c12f3af9c18d89592df42b0d33ec7e09316b06b354b33db8fb',80751),(879,'user_877@example.com','ace4b3ca96561c88e51f8a21aa0173c8cb6776fa07b54842f1a20071e26fb654',41074),(880,'user_878@example.com','9deeed83796b25b6a6275df70f2f8f0c705c48aeed7c997f26c98e20646d30cd',63119),(881,'user_879@example.com','0397645401735f203915a4936a352d6e61281f7b257a989d739cb53c48033652',92373),(882,'user_880@example.com','5817f1764e1d6cf9b56db4435e85d5f02c668077f2a3a70f00c8c05ddc0b984b',72508),(883,'user_881@example.com','640b0f9d4d073c6fcc8e02aad6cf4dfd7b7f3f411062050e81de42fdd01c920b',85423),(884,'user_882@example.com','b7919cc58ca5ec3b41df266d04c61ec65c91013c21031e20e9bff51bd834f6f1',9589),(885,'user_883@example.com','7f936758520ec6a9182932561c5fb2370b7f81351429d038fab93df1f02971a0',91675),(886,'user_884@example.com','76f4f7038c6c36a1b7a5020e33c3d8a850af4271aeeb6e64e55cbc12cea81489',29611),(887,'user_885@example.com','878d2461a06d76d4d4176ff5f9e977fcb1819173a0345cac9139962dddf9add5',73028),(888,'user_886@example.com','33f2ee2b7728ff734db5e64dcb194a0519a1f04ed8bebc4a814850836e4d40fa',76306),(889,'user_887@example.com','0476f1b089b4c088d79e74108d8dc2b866229aa838c21681205117a3c1dbc041',62449),(890,'user_888@example.com','8cdc58d01e3197c3ea3761c6de7fcee19f5e66ca607dcbdfff24a3571a720bfe',83326),(891,'user_889@example.com','f2241a1b253d276acd4317fb38993701243b90c4616468bbb445452f5993a29b',29283),(892,'user_890@example.com','bc954b69614d05258c8af7b4b9a4ffc150fbfc934754c3cd0c200a057de0924f',96436),(893,'user_891@example.com','bc8bf038e73d0be63392867eaa05e7005a0536e8d2b54a9498984d91f3441c5e',94333),(894,'user_892@example.com','b14015db17df146049cca74aef8ca991f0c52aada2072caaa32c77ba1976df7c',82355),(895,'user_893@example.com','dfaba6134fac516da9d52e7532ac9db18b81e20140e6c759146bf2ee66fddd0c',28777),(896,'user_894@example.com','2c4ef04727062d3aa23ba966c4ce09c9ffd7453731d83881f2ae6f586a67c1f2',96821),(897,'user_895@example.com','e07d29d1301efbccf98eac0ff5740352c70f8a70bd5ed276ebad4ccbac28961f',97775),(898,'user_896@example.com','cda1c494115126c0228206ee09a4f1a8d8c866f8101106596784de58bb670633',98411),(899,'user_897@example.com','1afc9887cfdd2e7ddfcc2fddedfe41181205d98f544d332d634ff375b554dc8c',98730),(900,'user_898@example.com','213e69e67f440f152310432243b06a58bf48156380a92b194c6d22a4e8667e08',98419),(901,'user_899@example.com','5d170366f7c2ce19ff5aaa98c7ac0b10b4d9871ec29fd769c90c52c1fff762e6',95902),(902,'user_900@example.com','b7b6276349a52c00b57fa82e8959c8fcb841204f00d166d5d81b172494eac7ce',84253),(903,'user_901@example.com','1c6fa9ef7c1cc933374138536aeb69bfff0ade07b3a85c1f7a4e40502cd4f2f9',33562),(904,'user_902@example.com','982e8eca1cb97c9a85f7d5838b04f0b812b0b27f3c100739da73ee1e5fa6fdec',15049),(905,'user_903@example.com','b86ac41ffe085039cc83c655457afe61ae0c71cc20cea8c07f0afb0485f5e43f',74558),(906,'user_904@example.com','cdf13a5a1573b1a7050a7c99a8643e9776d0befc7a1f383e31b8c37342a5e7b6',27644),(907,'user_905@example.com','402634896a516a53437643a675f025725adddd63dcef33333ac5390e46a9aa45',14548),(908,'user_906@example.com','b15bbedd75044be0fa28f4f5ec7b7bbe6b97a2d3d849793d9ae6fd8d05d17c48',89805),(909,'user_907@example.com','e3b987e6eb5e6ed70f71e51e1936750e6fbe74870d6aade47bc35661d79f02aa',5384),(910,'user_908@example.com','1a5a4da26ba0a56a91478f810365f0aa220783160cbfa7815113880bd1d9475c',57502),(911,'user_909@example.com','190311d1ea74225dbca4ce8cfa9b5979c1003ab95166fa249a7b73d8ddeee546',71361),(912,'user_910@example.com','c34a3f292615db2b4e7bb2b16cfaa5cb165cd99e37a56a114424c0ec2624c879',84297),(913,'user_911@example.com','c0fca9ef0647398c017ab44212e3977562936e5a1108b3a80c813ee7f28cb007',7404),(914,'user_912@example.com','6864bbd716e69ab19100b82a0ad08a7a4dce158c25d8e85f0155df853a70531d',84130),(915,'user_913@example.com','01da2126fa2f54dbc537397085a17b55b0f8e360ad7cd8a1084c6310f3df6e22',98435),(916,'user_914@example.com','6233a3bae434be3fe1c707258a2548d7d32eb51b2913df4aa9cd9612195f8951',39787),(917,'user_915@example.com','94258ff055b09cd2a42dafc0aff7c8472316effbe66a28df326c413fd0ed8526',3630),(918,'user_916@example.com','9995e8c619d03c55110b5c411ec1976143747765acc38c033eafdf2a4d752170',98790),(919,'user_917@example.com','8d9035c25f38e99f6bdfd379905dfac1a5695054db8a5af438eb053d491a86d7',83060),(920,'user_918@example.com','263ddf7529eb095d1239659a861fb7ffbe431878e782976240ac759f0082006b',18928),(921,'user_919@example.com','09debb7af4cfd2b17f946259697cae4cde49343f05e974c9546a2f0a8317396e',45459),(922,'user_920@example.com','8cb02bff85d14e00e98053300b0e70c15e8d06c4d8703107af008be830652da1',70513),(923,'user_921@example.com','7fc9f85cb1c5d7d178ef715e71ba8b9e83af6f4b4c05162ea599e603af2ac383',16188),(924,'user_922@example.com','21fb2bd6f674a5204e58ef17871bdeef44be7ba45c3d0748dc5868a812d08278',69400),(925,'user_923@example.com','65aa0849aa3d40bed7843bd4121c853df4f75b97176c6cde40edd1318a2cf1fc',98438),(926,'user_924@example.com','54341242585003f1b01d870006f322655e2ef907f2053de1524dd245e0e32fc2',83990),(927,'user_925@example.com','d70cba36f985be32e31d7b9f3373d0846a4fb380a985464580a922d573ddae4c',24636),(928,'user_926@example.com','9631545e301f6ee00d0020635a5c8ec16431393d562a8c0440e3b85704261146',71210),(929,'user_927@example.com','a860690b3eedd611fe26799ebb47d7e09d64795fa2d14e70ac8ecc591b0a40bf',82141),(930,'user_928@example.com','62daee8c8a896223d137a0ef8cc77577bba0ba592d3c204842b49e4b2a6bebc6',97074),(931,'user_929@example.com','89845c07e5da0f5dca1caaed4e1e7e501a6ba913be0808bbe1bd40df4b5bec2f',38949),(932,'user_930@example.com','a0c2e5b9f7e47391cce1cb430c18d0238ae52bf1521e4e6f7178524c54e2c833',3524),(933,'user_931@example.com','42dc8aa4d3d6380ffb4f246958f07d7dbe71929eb582f85febd8813fb7b29bf1',772),(934,'user_932@example.com','78f68e87a8f1311fe3d6ae9b4e90def0825f8c378c1b125eb7b3e2580279a54b',93290),(935,'user_933@example.com','4b23c952af78e7198bb71f4ea52de54cc256c13262452f8ca649654fec174631',64131),(936,'user_934@example.com','b9ea8d33693ce81194cea0c0355057c9b0bd15e583bbdc7e7e36a8f840c43695',40787),(937,'user_935@example.com','a022c67d424a8b8b95132c3f6bead29e9fed98ca6115a2a2e69bcf2f37163d9b',11540),(938,'user_936@example.com','00259abff564982fcbcae5b31019b7d1bd20205f1a2130c4e80fa999b5f1d401',35341),(939,'user_937@example.com','319d0d2d4b4440e3d33b524d9c160e1f6955eccac2e57e4c5b41afbe96c1d22a',42085),(940,'user_938@example.com','310d3e498cac9b0c7b9f34628da246d64ddf71ae7973c4592625ec187be657bf',4402),(941,'user_939@example.com','a91943758faa6f3df0d480dc7e3c19e2cea4d6a899224757b36f13e785f14c00',95756),(942,'user_940@example.com','f952d3273d4ff3a7b08d1e3c0451c924b350559bf45e81a8c659ea1cfcd9186b',65572),(943,'user_941@example.com','91e1fa2f3d1225c121d84910f0a9c5c80b361c8413ef784afee31747f5a93501',40594),(944,'user_942@example.com','c8c1341dafb075aefcf83f51218fdd128bf1c37c849f8c3162d255e668e3b9b4',6255),(945,'user_943@example.com','ab48e664933b8bc966ab27a266ad35fc2bfeaddec4615231891e5dd7ebd235f4',9491),(946,'user_944@example.com','0727e12dc65bd870fe189c8fb466b9883f19257a8e7120a6025388ff8903c959',28692),(947,'user_945@example.com','bb60e19d6d2ca90ea5ded8213523bd879c6ef411a8cafc003e1781b4d3b30599',14985),(948,'user_946@example.com','54195bc70be4795f89576f4815de117936ee30a4639f1fceb4dc239eaae01242',88851),(949,'user_947@example.com','5bcfedd3d8cd3650808fd87c575e66f8bb2a1af06284c3dffb6fbef22e7c6db8',99298),(950,'user_948@example.com','ea1b1bcf3f6cbf71d069662cec3ab32b10a332d443a43ae984c779cc40f00a1c',29939),(951,'user_949@example.com','3262f35f10041ca03fe4459c5dfee000884d58c27f9647c103ccc524853092af',51800),(952,'user_950@example.com','2deb465f46b33fe6b1f2748cf3769e2b59088245f88dc29e7555616842859147',69185),(953,'user_951@example.com','9c0961ab7cbdc3d7a1ea1e18d48fee646b99666392b156d3d83290be2bdd8260',90523),(954,'user_952@example.com','e295ba8fa098114ff1c594fec104e6939a23d63efe27278432eb83b0ac8202b5',45063),(955,'user_953@example.com','68696f822b073ef175851322a1c28560e26ccadccbb98fd5b8e0053a54f23681',53742),(956,'user_954@example.com','d9e880b940d5c8a6d320fd320037c2686b6ad83b78f7172d57a52ee2daed9c7d',33524),(957,'user_955@example.com','4a1d9f8f32b950e378e0005444420418087e6ae26aca30a91dc9f100dfd9fbe6',6394),(958,'user_956@example.com','278ad3097f46ad1e00f6bf925a95f8451d61f2eb95efe86e98087161eb647a53',31396),(959,'user_957@example.com','ae10e26a72a0831ed2f763222e5c9214085bcb602335f5edad494de51e5e68b7',37797),(960,'user_958@example.com','466bda510b0c8de710b2aebff27a17590c05e119a754baf30d71274d1d2ec4bc',94797),(961,'user_959@example.com','3a165c231e37c9bab640b1e510a0d247e01a557530f19235226b4b105d53314d',60596),(962,'user_960@example.com','ef1a2985279df8a861c72284016e95a87c9060c4addafedd09d9fe682895e0fa',18589),(963,'user_961@example.com','7ed3e8859b2add4c55a1a9ebf05eb282122d9a5df124c0fb63d2f18862442075',11156),(964,'user_962@example.com','8f0dc010da31caf7602ac553afe39ebd26a7896b3798d04d153725e9914ef6cf',12),(965,'user_963@example.com','e668f4986734efe2cb2914b676231f98bf37d6b21d637a098f0d08df18418654',66593),(966,'user_964@example.com','257d216ccbef8d438dfe78dab738243344986f74790d46b280f3f000c1d63fd6',32927),(967,'user_965@example.com','6d5f3f754d8fc63bb6b59af2522b73e501bf4039f70a349e9ec16372720cced8',64859),(968,'user_966@example.com','5870abbe85f4b43b6bb81e1580df2bf33970ce55d95087239abf14e55df6d890',25514),(969,'user_967@example.com','6ed29c8905c4720cb90dc996640f672565fd031466267e93b6b3b0ef6cfec0ff',32993),(970,'user_968@example.com','b50d44376cc9c5b964989140f07074cb3bae106a65163766caee493139310a94',88421),(971,'user_969@example.com','330c27fe982419b209141c4eab4f3af90abb54cb7c4845c17233ebc1dc0c488a',43126),(972,'user_970@example.com','fe33186e988051fbd3d3a1860a86406c9f781bebfaeb8c0082ba80bafb844b53',50366),(973,'user_971@example.com','3be6b0cfb05875039b04c2b24840a1dda93c863a266db68e700a9ae20c98f825',22453),(974,'user_972@example.com','cf05df7258eec6c641d0a723736a8be656c0bb1b8cf825b6f7136f250f2e5887',61166),(975,'user_973@example.com','df511fd33ff2a34a95b6adadb70399f107a8f3b1a95c100dd933aaca21abee23',38472),(976,'user_974@example.com','a56147a981458359a5c371f776cd3bee9300529df993ba2fd66fb9e6f3e4ec32',8860),(977,'user_975@example.com','164089227bb6629ca2622e5cddf6d9327430dd12e1b99fddcd27338684970066',28887),(978,'user_976@example.com','5d9ed78bc30bf564dd60e3c0c4a484fe6f40b23c54d08f426d968a64d147a5f8',17855),(979,'user_977@example.com','623070fc0a30964c0a91a21ea5636a29d79bcfce28b4ac5cd346646b2b8d695f',2613),(980,'user_978@example.com','4fb2a384b096bf118af0d74371cc88181ef3395c4f66a961c7b2873032260b21',59499),(981,'user_979@example.com','92b67db14d17108cba0dea57fdb001d862f2e03b29ff4a2f8bf4957c60f5d60a',89657),(982,'user_980@example.com','2188e17888521aab685956c099c3985b1e65859733d1ec31e72a665cf8a7bee5',69789),(983,'user_981@example.com','96af926b65c110dda7da08340e5bba8a2953573ea26ff0bf9a76ed94fa668752',79973),(984,'user_982@example.com','a3aaae68a55906b15c6c789c6817cd96743cf61e3bdf4994135f75c951063d3b',90500),(985,'user_983@example.com','c728d89d05c5ce0814b91631edba02095db9629dbf726d8a4fa74b836706cb33',12580),(986,'user_984@example.com','db6a59e41015a1ecd55bd7a4a68ccb3d2d8e9c6ca4964053b46ff6e79663f40e',91400),(987,'user_985@example.com','7242bdfb6ddcb026a5682e20d6a67e8ba1a6ae35930ebf70bd571d6d9ce9e09c',19260),(988,'user_986@example.com','ae8bc1a6b4e78a9375022489bef6d3078956de6a0cde03a3b91600ee88090dd5',22100),(989,'user_987@example.com','6ea77d89a8055413b85591ac6233a7b786f9265290a22b193cb5fa2e11872eee',52718),(990,'user_988@example.com','7f25d62dd1975d3a9317fc85261c70e4d126aafcb44c7d4986c650731cf87510',97293),(991,'user_989@example.com','ca6a89bf47e837f4d606cd8ffa7b35035a70aa13eee1ae27de6482d761942a17',28309),(992,'user_990@example.com','a72f0cca71465ed4cc9abf2f5ad81255e638987c9c0c72ed3ca95fb4258b5f65',49666),(993,'user_991@example.com','8feeb71bda9e6311dbee66cf97378eb7bf938586b8049f94ca6d92d34862ba87',63401),(994,'user_992@example.com','522697c710440438db7d37e5682d2a9a2d9dd98a85404c74645484407e145e52',68010),(995,'user_993@example.com','3afce8a75f36fcfc13edd35dbd00c032afd9732327ba84f6b0f73523922dad7d',49845),(996,'user_994@example.com','35773453375553fe9d61c0a4b1647a9e38cdb5a9c03595f07d3f6fec046eb23d',45196),(997,'user_995@example.com','12e2fc26ac6725ccae3f7722b9c0bd9e5d708508319f11e6f410c420a6e83cd1',76445),(998,'user_996@example.com','0e68d68a8a050c6bd3403bd7d93a4866b8df4d29b2156a22ae699ac157910b51',46637),(999,'user_997@example.com','5dd102c2204a6c57e43ba8386a7e0176443d40779a0a0324828d59baff581c31',3851),(1000,'user_998@example.com','75903e3428b57c15e8630a9b5c42212d7b6cac973ea89fdcd1be6a273f88fd17',79341),(1001,'user_999@example.com','413c2f9ac17d56dc8c5e2b70e89ee593eb96ff7cae0b6fb2ef523ec473c8fb43',85155),(1002,'user_1000@example.com','380cc8f72296dc5d8356c03ebe4a925ad069e40ba10413a2deadea5f8253ebb4',87751);
/*!40000 ALTER TABLE `users` ENABLE KEYS */;
UNLOCK TABLES;
/*!40103 SET TIME_ZONE=@OLD_TIME_ZONE */;

/*!40101 SET SQL_MODE=@OLD_SQL_MODE */;
/*!40014 SET FOREIGN_KEY_CHECKS=@OLD_FOREIGN_KEY_CHECKS */;
/*!40014 SET UNIQUE_CHECKS=@OLD_UNIQUE_CHECKS */;
/*!40101 SET CHARACTER_SET_CLIENT=@OLD_CHARACTER_SET_CLIENT */;
/*!40101 SET CHARACTER_SET_RESULTS=@OLD_CHARACTER_SET_RESULTS */;
/*!40101 SET COLLATION_CONNECTION=@OLD_COLLATION_CONNECTION */;
/*!40111 SET SQL_NOTES=@OLD_SQL_NOTES */;

-- Dump completed on 2025-06-13 19:56:25
